[2026-08-14T14:49:08.189Z] GET https://murf.ai/api/pricing → 200 (284ms, 4256B)
[2026-08-14T14:49:08.524Z] GET https://fonts.googleapis.com/css2?family=Figtree:wght@400;500;600;700&display=swap → pending (?ms, ?B)
[2026-08-14T14:49:08.524Z] GET https://murf.ai/api/assets/index-aobM23nS.js → pending (?ms, ?B)
[2026-08-14T14:49:08.524Z] GET https://murf.ai/api/assets/index-C0GpAEHp.css → pending (?ms, ?B)
[2026-08-14T14:49:08.917Z] GET https://js.stripe.com/v3 → 200 (232ms, 253503B)
[2026-08-14T14:49:09.006Z] GET https://murf.ai/Prod/ping/geography → 200 (146ms, 669B)
[2026-08-14T14:49:09.006Z] GET https://www.googletagmanager.com/gtag/js?id=G-K9JGVTSHDM → 200 (297ms, 197134B)
[2026-08-14T14:49:09.149Z] GET https://fonts.gstatic.com/s/figtree/v9/_Xms-HUzqDCFdgfMm4S9DaRvzig.woff2 → 200 (103ms, 20726B)
[2026-08-14T14:49:09.218Z] GET https://murf.ai/user/explore-voices?source=QVBJ → 200 (119ms, 6923B)
[2026-08-14T14:49:09.218Z] GET https://murf.ai/api/assets/index-CQxSD2Oj.js → 200 (40ms, 1503B)
[2026-08-14T14:49:09.260Z] GET https://js-na1.hs-scripts.com/24360943.js → 307 (124ms, ?B)
[2026-08-14T14:49:09.341Z] GET https://fonts.googleapis.com/icon?family=Material+Icons+Round|Material+Icons+Outlined → 200 (37ms, 567B)
[2026-08-14T14:49:09.341Z] GET https://fonts.googleapis.com/css?family=Lato:300,400,700,900 → 200 (43ms, 529B)
[2026-08-14T14:49:09.341Z] GET https://fonts.googleapis.com/css?family=Sarala:400,700 → 200 (60ms, 575B)
[2026-08-14T14:49:09.341Z] GET https://fonts.googleapis.com/css2?family=Roboto+Flex:opsz,wdth,wght@8..144,25..151,100..1000&display=swap → 200 (66ms, 873B)
[2026-08-14T14:49:09.341Z] GET https://fonts.googleapis.com/css2?family=Inter:ital,opsz,wght@0,14..32,100..900;1,14..32,100..900&display=swap → 200 (77ms, 799B)
[2026-08-14T14:49:09.341Z] GET https://murf.ai/static/js/main.b1be36af.js → 200 (136ms, 1016726B)
[2026-08-14T14:49:09.341Z] GET https://murf.ai/static/css/main.0e42fb43.css → 200 (16ms, 128054B)
[2026-08-14T14:49:09.384Z] GET https://js-na2.hs-scripts.com/24360943.js → 200 (42ms, 979B)
[2026-08-14T14:49:09.426Z] GET https://use.fontawesome.com/releases/v5.0.10/css/all.css → 200 (50ms, 9078B)
[2026-08-14T14:49:09.426Z] GET https://fonts.googleapis.com/css2?family=Chivo:ital,wght@0,300;0,400;0,700;1,300;1,400;1,700&display=swap → 200 (41ms, 625B)
[2026-08-14T14:49:09.426Z] GET https://fonts.googleapis.com/css2?family=Montserrat:wght@400;600&family=Righteous:wght@400;600&family=Libre+Franklin:wght@400;600&display=swap → 200 (44ms, 820B)
[2026-08-14T14:49:09.426Z] GET https://fonts.googleapis.com/css2?family=Rubik:ital,wght@0,300;0,400;0,500;0,600;0,700;1,300;1,400;1,500;1,600;1,700&display=swap → 200 (91ms, 1207B)
[2026-08-14T14:49:09.427Z] GET https://js-na2.usemessages.com/conversations-embed.js → 200 (67ms, 29154B)
[2026-08-14T14:49:09.427Z] GET https://js-na2.hscollectedforms.net/collectedforms.js → pending (?ms, ?B)
[2026-08-14T14:49:09.427Z] GET https://js-na2.hs-banner.com/v2/24360943/banner.js → pending (?ms, ?B)
[2026-08-14T14:49:09.427Z] GET https://js-na2.hsadspixel.net/pixels.js → 200 (60ms, 5492B)
[2026-08-14T14:49:09.427Z] GET https://js-na2.hs-analytics.net/analytics/1786712400000/24360943.js → pending (?ms, ?B)
[2026-08-14T14:49:09.501Z] GET https://api-na2.hubspot.com/livechat-public/v1/message/public?portalId=24360943&conversations-embed=static-1.27944&mobile=false&messagesUtk=0922f158a2f449789ee3a36ccce52453&traceId=0922f158a2f449789ee3a36ccce52453 → pending (?ms, ?B)
[2026-08-14T14:49:09.524Z] GET https://snap.licdn.com/li.lms-analytics/insight.min.js → pending (?ms, ?B)
[2026-08-14T14:49:09.686Z] GET https://www.google.com/recaptcha/enterprise.js → 200 (190ms, 1517B)
[2026-08-14T14:49:09.686Z] POST https://o4504603155759104.ingest.sentry.io/api/4504603157528576/envelope/?sentry_key=9280dd93251d46b283a80ca7afd467c9&sentry_version=7&sentry_client=sentry.javascript.react%2F7.120.3 → 200 (221ms, 56B)
[2026-08-14T14:49:09.687Z] GET https://murf.ai/static/js/4396.ee7fa64f.chunk.js → 200 (15ms, 2135B)
[2026-08-14T14:49:09.687Z] GET https://js.stripe.com/v3 → 200 (?ms, -650B)
[2026-08-14T14:49:09.688Z] GET https://fonts.gstatic.com/s/rubik/v31/iJWKBXyIfDnIV7nBrXyw023e.woff2 → 200 (22ms, 35460B)
[2026-08-14T14:49:09.692Z] POST https://o4504603155759104.ingest.sentry.io/api/4504603157528576/envelope/?sentry_key=9280dd93251d46b283a80ca7afd467c9&sentry_version=7&sentry_client=sentry.javascript.react%2F7.120.3 → 200 (215ms, 56B)
[2026-08-14T14:49:09.693Z] POST https://o4504603155759104.ingest.sentry.io/api/4504603157528576/envelope/?sentry_key=9280dd93251d46b283a80ca7afd467c9&sentry_version=7&sentry_client=sentry.javascript.react%2F7.120.3 → 200 (214ms, 56B)
[2026-08-14T14:49:09.713Z] GET https://snap.licdn.com/li.lms-analytics/insight.old.min.js → 200 (163ms, 19135B)
[2026-08-14T14:49:09.717Z] GET https://forms-na2.hscollectedforms.net/collected-forms/v1/config/json?portalId=24360943&utk= → 200 (160ms, 679B)
[2026-08-14T14:49:09.718Z] POST https://o4504603155759104.ingest.sentry.io/api/4504603157528576/envelope/?sentry_key=9280dd93251d46b283a80ca7afd467c9&sentry_version=7&sentry_client=sentry.javascript.react%2F7.120.3 → 200 (189ms, 56B)
[2026-08-14T14:49:09.718Z] POST https://o4504603155759104.ingest.sentry.io/api/4504603157528576/envelope/?sentry_key=9280dd93251d46b283a80ca7afd467c9&sentry_version=7&sentry_client=sentry.javascript.react%2F7.120.3 → 200 (189ms, 281B)
[2026-08-14T14:49:09.721Z] GET https://js-na2.hs-banner.com/v2/cf-location → 200 (157ms, 1604B)
[2026-08-14T14:49:09.900Z] POST https://www.google-analytics.com/g/collect?v=2&tid=G-K9JGVTSHDM&gtm=45je68c1v896327468za200zd896327468&_p=1786718949311&gcs=G100&gcd=13p3p3p3p5l1&npa=1&dma_cps=-&dma=0&_eu=EgAAAGAC&are=1&cid=750759501.1786718950&frm=0&ir=1&pscdl=denied&rcb=3&sr=1280x720&uaa=arm&uab=64&uafvl=Not%253AA-Brand%3B99.0.0.0%7CHeadlessChrome%3B145.0.7632.6%7CChromium%3B145.0.7632.6&uam=&uamb=0&uap=macOS&uapv=26.5.1&uaw=0&ul=en-us&gaf=2&_s=1&tag_exp=115616985~115938465~115938468~118395334~118897920~118897930~119367802~119367810~119527020~120125305~120385423&sid=1786718949&sct=1&seg=0&dl=https%3A%2F%2Fmurf.ai%2Fapi%2Fpricing&dt=Murf%20API&en=page_view&_fv=1&_nsi=1&_ss=1&_ee=1&ep.debug_mode=false&tfd=1705 → 204 (87ms, 543B)
[2026-08-14T14:49:09.900Z] POST https://pagead2.googlesyndication.com/ccm/collect?rcb=3&frm=0&apvc=1&tid=AW-350723826&en=page_view&dl=https%3A%2F%2Fmurf.ai%2Fapi%2Fpricing&scrsrc=www.googletagmanager.com&rnd=1200611817.1786718950&navt=n&npa=1&ep.debug_mode=0&gtm=45je68c1v896327468za200zd896327468xec&gcs=G100&gcd=13p3p3p3p5l1&dma_cps=-&dma=0&tag_exp=115616985~115938465~115938468~118395334~118897920~118897930~119367802~119367810~119527020~120125305~120385423&tft=1786718949895&tfd=1712&tids=AW-350723826&fmt=8 → 200 (104ms, -17B)
[2026-08-14T14:49:09.901Z] POST https://www.google-analytics.com/g/collect?v=2&tid=G-K9JGVTSHDM&gtm=45je68c1v896327468za200zd896327468&_p=1786718949311&gcs=G100&gcd=13p3p3p3p5l1&npa=1&dma_cps=-&dma=0&_eu=EEAAAGAC&ae=a&are=1&cid=750759501.1786718950&frm=0&ir=1&pscdl=denied&rcb=3&sr=1280x720&uaa=arm&uab=64&uafvl=Not%253AA-Brand%3B99.0.0.0%7CHeadlessChrome%3B145.0.7632.6%7CChromium%3B145.0.7632.6&uam=&uamb=0&uap=macOS&uapv=26.5.1&uaw=0&ul=en-us&gaf=2&_s=2&tag_exp=115616985~115938465~115938468~118395334~118897920~118897930~119367802~119367810~119527020~120125305~120385423&sid=1786718949&sct=1&seg=0&dl=https%3A%2F%2Fmurf.ai%2Fapi%2Fpricing&dt=Murf%20API&en=scroll&ep.debug_mode=false&epn.percent_scrolled=90&_et=1&tfd=1713 → 204 (87ms, 48B)
[2026-08-14T14:49:09.902Z] GET https://px.ads.linkedin.com/attribution_trigger?pid=4771596&time=1786718949898&url=https%3A%2F%2Fmurf.ai%2Fapi%2Fpricing → 200 (110ms, 1020B)
[2026-08-14T14:49:09.903Z] GET https://px.ads.linkedin.com/collect?v=2&fmt=js&pid=4771596&time=1786718949898&li_adsId=b27c26fa-3ccd-4c5d-a46b-8d3d97b1123f&url=https%3A%2F%2Fmurf.ai%2Fapi%2Fpricing → 302 (135ms, ?B)
[2026-08-14T14:49:09.905Z] GET https://www.gstatic.com/recaptcha/releases/XOqlk8PL_yVx6IdpLbpXdiLy/recaptcha__en.js → 200 (134ms, 344471B)
[2026-08-14T14:49:09.926Z] GET https://api-na2.hubapi.com/hs-script-loader-public/v2/config/pixels-and-events/json?portalId=24360943 → 200 (216ms, 1130B)
[2026-08-14T14:49:09.935Z] GET https://app-na2.hubspot.com/conversations-visitor/24360943/threads/utk/0922f158a2f449789ee3a36ccce52453?uuid=808beb18d3e540af8795ac024fa5f7f8&mobile=false&mobileSafari=false&hideWelcomeMessage=false&hstc=&domain=murf.ai&inApp53=false&messagesUtk=0922f158a2f449789ee3a36ccce52453&url=https%3A%2F%2Fmurf.ai%2Fapi%2Fpricing&inline=false&isFullscreen=false&globalCookieOptOut=&isFirstVisitorSession=true&isAttachmentDisabled=false&isInitialInputFocusDisabled=false&enableWidgetCookieBanner=false&isInCMS=false&hideScrollToButton=true&isIOSMobile=false → 200 (206ms, 21185B)
[2026-08-14T14:49:10.038Z] GET https://px.ads.linkedin.com/collect?v=2&fmt=js&pid=4771596&time=1786718949898&li_adsId=b27c26fa-3ccd-4c5d-a46b-8d3d97b1123f&url=https%3A%2F%2Fmurf.ai%2Fapi%2Fpricing&cookiesTest=true → 302 (107ms, ?B)
[2026-08-14T14:49:10.076Z] GET https://www.google.com/recaptcha/enterprise/anchor?ar=1&k=6Ldx1eonAAAAAD10nV2FxwRNTscfWRS5H37kwBG9&co=aHR0cHM6Ly9tdXJmLmFpOjQ0Mw..&hl=en&v=XOqlk8PL_yVx6IdpLbpXdiLy&size=invisible&anchor-ms=20000&execute-ms=30000&cb=oxvkt0975doa → 200 (133ms, 29272B)
[2026-08-14T14:49:10.142Z] GET https://snap.licdn.com/li.lms-analytics/insight.min.js → 200 (?ms, -463B)
[2026-08-14T14:49:10.143Z] GET https://snap.licdn.com/li.lms-analytics/insight.old.min.js → 200 (?ms, -410B)
[2026-08-14T14:49:10.145Z] GET https://static.hsappstatic.net/trellis-theming-assets/ex/live/hubspot-theme.stable.css → 200 (72ms, 36231B)
[2026-08-14T14:49:10.145Z] GET https://static.hsappstatic.net/trellis-theming-assets/ex/live/hubspot-theme.stable.js → 200 (74ms, 21564B)
[2026-08-14T14:49:10.145Z] GET https://static.hsappstatic.net/head-dlb/static-1.5007/bundle.production.js → 200 (70ms, 20568B)
[2026-08-14T14:49:10.145Z] GET https://static.hsappstatic.net/conversations-visitor-ui/static-1.30374/sass/visitor.css → 200 (69ms, 4802B)
[2026-08-14T14:49:10.145Z] GET https://static.hsappstatic.net/hubspot-dlb/static-2.1882/bundle.production.js → 200 (70ms, 40683B)
[2026-08-14T14:49:10.145Z] GET https://static.hsappstatic.net/react-dlb/static-1.85/bundle.production.js → 200 (82ms, 49043B)
[2026-08-14T14:49:10.145Z] GET https://static.hsappstatic.net/conversations-visitor-ui/static-1.30387/bundles/visitor.js → 200 (110ms, 400926B)
[2026-08-14T14:49:10.145Z] GET https://www.linkedin.com/px/li_sync?redirect=https%3A%2F%2Fpx.ads.linkedin.com%2Fcollect%3Fv%3D2%26fmt%3Djs%26pid%3D4771596%26time%3D1786718949898%26li_adsId%3Db27c26fa-3ccd-4c5d-a46b-8d3d97b1123f%26url%3Dhttps%253A%252F%252Fmurf.ai%252Fapi%252Fpricing%26cookiesTest%3Dtrue%26liSync%3Dtrue → 302 (171ms, ?B)
[2026-08-14T14:49:10.147Z] GET https://px.ads.linkedin.com/attribution_trigger?pid=4771596&time=1786718950146&url=https%3A%2F%2Fmurf.ai%2Fapi%2Fpricing → 200 (82ms, 671B)
[2026-08-14T14:49:10.147Z] GET https://px.ads.linkedin.com/collect?v=2&fmt=js&pid=4771596&time=1786718950146&li_adsId=b27c26fa-3ccd-4c5d-a46b-8d3d97b1123f&url=https%3A%2F%2Fmurf.ai%2Fapi%2Fpricing → 200 (93ms, 491B)
[2026-08-14T14:49:10.211Z] POST https://csp.withgoogle.com/csp/frame-ancestors/38fac9d5b82543fc4729580d18ff2d3d → pending (?ms, ?B)
[2026-08-14T14:49:10.212Z] POST https://csp.withgoogle.com/csp/frame-ancestors/38fac9d5b82543fc4729580d18ff2d3d → pending (?ms, ?B)
[2026-08-14T14:49:10.214Z] GET https://www.gstatic.com/recaptcha/releases/XOqlk8PL_yVx6IdpLbpXdiLy/styles__ltr.css → 200 (102ms, 42386B)
[2026-08-14T14:49:10.214Z] GET https://www.gstatic.com/recaptcha/releases/XOqlk8PL_yVx6IdpLbpXdiLy/recaptcha__en.js → 200 (13ms, -887B)
[2026-08-14T14:49:10.245Z] POST https://px.ads.linkedin.com/wa/?medium=fetch&fmt=g → 204 (104ms, 261B)
[2026-08-14T14:49:10.315Z] GET https://static.hsappstatic.net/conversations-visitor-ui/static-1.30374/i18n-data-data-modern-locales-en-us.js → 200 (33ms, 1183B)
[2026-08-14T14:49:10.316Z] GET https://px.ads.linkedin.com/collect?v=2&fmt=js&pid=4771596&time=1786718949898&li_adsId=b27c26fa-3ccd-4c5d-a46b-8d3d97b1123f&url=https%3A%2F%2Fmurf.ai%2Fapi%2Fpricing&cookiesTest=true&liSync=true → 200 (94ms, 455B)
[2026-08-14T14:49:10.318Z] GET https://static.hsappstatic.net/conversations-visitor-ui/static-1.9449/audio/notification.mp3 → 206 (30ms, 5327B)
[2026-08-14T14:49:10.319Z] GET https://static.hsappstatic.net/whisper-core/ex/whisper-core.js → 200 (30ms, 1022B)
[2026-08-14T14:49:10.354Z] GET https://www.google.com/recaptcha/enterprise/webworker.js?hl=en&v=XOqlk8PL_yVx6IdpLbpXdiLy → 200 (76ms, ?B)
[2026-08-14T14:49:10.372Z] GET https://static.hsappstatic.net/whisper-core/static-1.10104/whisper-core-entry.js → 200 (38ms, 39408B)
[2026-08-14T14:49:10.378Z] GET https://www.gstatic.com/recaptcha/api2/logo_48.png → 200 (8ms, 2252B)
[2026-08-14T14:49:10.378Z] GET https://fonts.gstatic.com/s/roboto/v48/KFO7CnqEu92Fr1ME7kSn66aGLdTylUAMa3yUBHMdazQ.woff2 → 200 (32ms, 34700B)
[2026-08-14T14:49:10.409Z] POST https://exceptions-na2.hubspot.com/frontend/observability/page-tracking/store/?sentry_version=7&sentry_client=raven-js%2F3.19.1&deployable=conversations-visitor-ui → 200 (98ms, 1360B)
[2026-08-14T14:49:10.409Z] POST https://app-na2.hubspot.com/api/cartographer/v1/rhumb?hs_static_app=conversations-visitor-ui&hs_static_app_version=1.30387 → 204 (90ms, 2071B)
[2026-08-14T14:49:10.410Z] GET https://app-na2.hubspot.com/api/livechat-public/v1/feedback/survey/CSAT/2?hs_static_app=conversations-visitor-ui&hs_static_app_version=1.30387&conversations-visitor-ui=static-1.30387&traceId=0922f158a2f449789ee3a36ccce52453&sessionId=ANP4AQlDZXMzAtldvoAwZfYvjk_fuhAv9K8ihMt66BabUOCOSI1lZ3NLeSoZtUZmndmR_Ab0BpsDOAL0cQga3BdZ0rpBtUJHEQfUy3anqGZyHq8qcQAKXCE4xUG_vkMulA3GjrpmRQaoINa1F0hbskeapTebp4Yx5d1pL3sncva0GqGBxPRpdHU → 200 (96ms, 544B)
[2026-08-14T14:49:10.433Z] GET https://www.gstatic.com/recaptcha/releases/XOqlk8PL_yVx6IdpLbpXdiLy/recaptcha__en.js → 200 (47ms, -887B)
[2026-08-14T14:49:10.441Z] POST https://px.ads.linkedin.com/wa/?medium=fetch&fmt=g → 204 (92ms, ?B)
[2026-08-14T14:49:10.652Z] POST https://www.google.com/recaptcha/enterprise/reload?k=6Ldx1eonAAAAAD10nV2FxwRNTscfWRS5H37kwBG9 → 200 (122ms, 2163B)
[2026-08-14T14:49:10.701Z] GET https://js.stripe.com/v3/m-outer-3437aaddcdf6922d623e172c2d6f9278.html → 200 (17ms, 1232B)
[2026-08-14T14:49:10.777Z] POST https://content-firebaseappcheck.googleapis.com/v1/projects/murf-ai/apps/1:999638116296:web:6d801d834f66f51f7c02fd:exchangeRecaptchaEnterpriseToken?key=AIzaSyDQyfss4q_uqGeqySU2i0fI3VQdrglSXmc → 403 (694ms, 300B)
[2026-08-14T14:49:10.779Z] POST https://www.google.com/recaptcha/enterprise/clr?k=6Ldx1eonAAAAAD10nV2FxwRNTscfWRS5H37kwBG9 → 200 (530ms, ?B)
[2026-08-14T14:49:11.303Z] GET https://js.stripe.com/v3/fingerprinted/js/m-outer-15a2b40a058ddff1cffdb63779fe3de1.js → 200 (16ms, 1017B)
[2026-08-14T14:49:11.320Z] GET https://m.stripe.network/inner.html → 200 (60ms, 1868B)
[2026-08-14T14:49:11.357Z] POST https://o4504603155759104.ingest.us.sentry.io/api/4508143193817088/envelope/?sentry_key=cc28e21a414fa7d791dc6e976a79fc60&sentry_version=7&sentry_client=sentry.javascript.react%2F8.29.0 → 200 (174ms, 98B)
[2026-08-14T14:49:11.390Z] GET https://m.stripe.network/out-4.5.45.js → 200 (16ms, 17290B)
[2026-08-14T14:49:11.551Z] POST https://m.stripe.com/6 → pending (?ms, ?B)
[2026-08-14T14:49:12.427Z] GET https://accounts.google.com/gsi/client → pending (?ms, ?B)
[2026-08-14T14:49:12.615Z] GET https://accounts.google.com/gsi/style → 200 (150ms, 642B)
[2026-08-14T14:49:12.648Z] GET https://google.com/.well-known/web-identity → 200 (181ms, -534B)
[2026-08-14T14:49:12.648Z] GET https://accounts.google.com/gsi/fedcm.json → 200 (170ms, -597B)
[2026-08-14T14:49:12.830Z] GET https://accounts.google.com/gsi/fedcm/listaccounts → 200 (51ms, -1056B)
[2026-08-14T14:49:14.697Z] POST https://api-js.mixpanel.com/track/?verbose=1&ip=1&_=1786718954694 → 200 (169ms, 367B)
[2026-08-14T14:49:14.904Z] POST https://www.google-analytics.com/g/collect?v=2&tid=G-K9JGVTSHDM&gtm=45je68c1v896327468za200zd896327468&_p=1786718949311&gcs=G100&gcd=13p3p3p3p5l1&npa=1&dma_cps=-&dma=0&_eu=AAgAAGAC&are=1&cid=750759501.1786718950&frm=0&ir=1&pscdl=denied&rcb=3&sr=1280x720&uaa=arm&uab=64&uafvl=Not%253AA-Brand%3B99.0.0.0%7CHeadlessChrome%3B145.0.7632.6%7CChromium%3B145.0.7632.6&uam=&uamb=0&uap=macOS&uapv=26.5.1&uaw=0&ul=en-us&gaf=2&_s=3&tag_exp=115616985~115938465~115938468~118395334~118897920~118897930~119367802~119367810~119527020~120125305~120385423&sid=1786718949&sct=1&seg=0&dl=https%3A%2F%2Fmurf.ai%2Fapi%2Fpricing&dt=Murf%20API&en=api_page_view&ep.debug_mode=false&_et=2&tfd=6716 → 204 (45ms, 57B)
[2026-08-14T14:49:14.938Z] POST https://metrics-fe-na2.hubspot.com/cartographer/v1/ipl → 204 (96ms, 1619B)
[2026-08-14T14:49:15.202Z] GET https://js.stripe.com/v3/m-outer-3437aaddcdf6922d623e172c2d6f9278.html → 200 (1ms, -1321B)
[2026-08-14T14:49:15.210Z] GET https://js.stripe.com/v3/fingerprinted/js/m-outer-15a2b40a058ddff1cffdb63779fe3de1.js → 200 (?ms, -676B)
[2026-08-14T14:49:15.212Z] GET https://m.stripe.network/inner.html → 200 (?ms, -1199B)
[2026-08-14T14:49:15.215Z] GET https://m.stripe.network/out-4.5.45.js → 200 (?ms, -642B)
[2026-08-14T14:49:15.223Z] POST https://m.stripe.com/6 → 200 (162ms, 579B)
[2026-08-14T14:49:17.544Z] GET https://murf.ai/pricing → 200 (21ms, 3746B)
[2026-08-14T14:49:17.576Z] POST https://www.google-analytics.com/g/collect?v=2&tid=G-K9JGVTSHDM&gtm=45je68c1v896327468za200zd896327468&_p=1786718949311&gcs=G100&gcd=13p3p3p3p5l1&npa=1&dma_cps=-&dma=0&_eu=EAAAAGAC&are=1&cid=750759501.1786718950&frm=0&ir=1&pscdl=denied&rcb=3&sr=1280x720&uaa=arm&uab=64&uafvl=Not%253AA-Brand%3B99.0.0.0%7CHeadlessChrome%3B145.0.7632.6%7CChromium%3B145.0.7632.6&uam=&uamb=0&uap=macOS&uapv=26.5.1&uaw=0&ul=en-us&gaf=2&_s=4&tag_exp=115616985~115938465~115938468~118395334~118897920~118897930~119367802~119367810~119527020~120125305~120385423&sid=1786718949&sct=1&seg=0&dl=https%3A%2F%2Fmurf.ai%2Fapi%2Fpricing&dt=Murf%20API&en=user_engagement&ep.debug_mode=false&_et=7668&tfd=9385 → pending (?ms, ?B)
[2026-08-14T14:49:17.576Z] POST https://o4504603155759104.ingest.sentry.io/api/4504603157528576/envelope/?sentry_key=9280dd93251d46b283a80ca7afd467c9&sentry_version=7&sentry_client=sentry.javascript.react%2F7.120.3 → pending (?ms, ?B)
[2026-08-14T14:49:17.581Z] POST https://app-na2.hubspot.com/api/cartographer/v1/performance?hs_static_app=conversations-visitor-ui&hs_static_app_version=1.30387 → pending (?ms, ?B)
[2026-08-14T14:49:17.581Z] POST https://app-na2.hubspot.com/api/cartographer/v1/performance?hs_static_app=conversations-visitor-ui&hs_static_app_version=1.30387 → pending (?ms, ?B)
[2026-08-14T14:49:17.581Z] POST https://metrics-fe-na2.hubspot.com/metrics/v1/frontend/custom/send?hs_static_app=conversations-visitor-ui&hs_static_app_version=static-1.30387&metrics_js_version=2.1882 → pending (?ms, ?B)
[2026-08-14T14:49:17.581Z] POST https://metrics-fe-na2.hubspot.com/cartographer/v1/ipl → pending (?ms, ?B)
[2026-08-14T14:49:17.582Z] POST https://app-na2.hubspot.com/api/cartographer/v1/performance?hs_static_app=conversations-visitor-ui&hs_static_app_version=1.30387 → pending (?ms, ?B)
[2026-08-14T14:49:17.582Z] POST https://metrics-fe-na2.hubspot.com/metrics/v1/frontend/send → pending (?ms, ?B)
[2026-08-14T14:49:17.583Z] POST https://www.google.com/g/collect?v=2&tid=G-K9JGVTSHDM&gtm=45je68c1v896327468za200zd896327468&_p=1786718949311&gcs=G100&gcd=13p3p3p3p5l1&npa=1&dma_cps=-&dma=0&_eu=EAAAAGAC&are=1&cid=750759501.1786718950&frm=0&ir=1&pscdl=denied&rcb=3&sr=1280x720&uaa=arm&uab=64&uafvl=Not%253AA-Brand%3B99.0.0.0%7CHeadlessChrome%3B145.0.7632.6%7CChromium%3B145.0.7632.6&uam=&uamb=0&uap=macOS&uapv=26.5.1&uaw=0&ul=en-us&gaf=3&_s=4&tag_exp=115616985~115938465~115938468~118395334~118897920~118897930~119367802~119367810~119527020~120125305~120385423&sid=1786718949&sct=1&seg=0&dl=https%3A%2F%2Fmurf.ai%2Fapi%2Fpricing&dt=Murf%20API&en=user_engagement&ep.debug_mode=false&_et=7668&tfd=9385 → pending (?ms, ?B)
[2026-08-14T14:49:17.586Z] GET https://fonts.googleapis.com/icon?family=Material+Icons+Round|Material+Icons+Outlined → 200 (2ms, -698B)
[2026-08-14T14:49:17.586Z] GET https://fonts.googleapis.com/css?family=Lato:300,400,700,900 → 200 (2ms, -698B)
[2026-08-14T14:49:17.587Z] GET https://fonts.googleapis.com/css?family=Sarala:400,700 → 200 (?ms, -743B)
[2026-08-14T14:49:17.587Z] GET https://fonts.googleapis.com/css2?family=Roboto+Flex:opsz,wdth,wght@8..144,25..151,100..1000&display=swap → 200 (?ms, -743B)
[2026-08-14T14:49:17.587Z] GET https://fonts.googleapis.com/css2?family=Inter:ital,opsz,wght@0,14..32,100..900;1,14..32,100..900&display=swap → 200 (?ms, -743B)
[2026-08-14T14:49:17.587Z] GET https://murf.ai/static/js/main.b1be36af.js → 200 (1ms, -1183B)
[2026-08-14T14:49:17.588Z] GET https://murf.ai/static/css/main.0e42fb43.css → 200 (?ms, -1167B)
[2026-08-14T14:49:17.595Z] GET https://use.fontawesome.com/releases/v5.0.10/css/all.css → 200 (1ms, -666B)
[2026-08-14T14:49:17.596Z] GET https://fonts.googleapis.com/css2?family=Chivo:ital,wght@0,300;0,400;0,700;1,300;1,400;1,700&display=swap → 200 (?ms, -743B)
[2026-08-14T14:49:17.596Z] GET https://fonts.googleapis.com/css2?family=Montserrat:wght@400;600&family=Righteous:wght@400;600&family=Libre+Franklin:wght@400;600&display=swap → 200 (1ms, -743B)
[2026-08-14T14:49:17.597Z] GET https://fonts.googleapis.com/css2?family=Rubik:ital,wght@0,300;0,400;0,500;0,600;0,700;1,300;1,400;1,500;1,600;1,700&display=swap → 200 (?ms, -743B)
[2026-08-14T14:49:17.597Z] GET https://snap.licdn.com/li.lms-analytics/insight.min.js → 200 (?ms, -463B)
[2026-08-14T14:49:17.600Z] GET https://fonts.gstatic.com/s/rubik/v31/iJWKBXyIfDnIV7nBrXyw023e.woff2 → 200 (?ms, -815B)
[2026-08-14T14:49:17.642Z] GET https://www.google.com/recaptcha/enterprise.js → 200 (?ms, -680B)
[2026-08-14T14:49:17.643Z] POST https://o4504603155759104.ingest.sentry.io/api/4504603157528576/envelope/?sentry_key=9280dd93251d46b283a80ca7afd467c9&sentry_version=7&sentry_client=sentry.javascript.react%2F7.120.3 → 200 (139ms, 20B)
[2026-08-14T14:49:17.643Z] GET https://js.stripe.com/v3 → 200 (?ms, -650B)
[2026-08-14T14:49:17.653Z] GET https://js-na1.hs-scripts.com/24360943.js → 307 (129ms, ?B)
[2026-08-14T14:49:17.653Z] POST https://o4504603155759104.ingest.sentry.io/api/4504603157528576/envelope/?sentry_key=9280dd93251d46b283a80ca7afd467c9&sentry_version=7&sentry_client=sentry.javascript.react%2F7.120.3 → 200 (129ms, 20B)
[2026-08-14T14:49:17.653Z] POST https://o4504603155759104.ingest.sentry.io/api/4504603157528576/envelope/?sentry_key=9280dd93251d46b283a80ca7afd467c9&sentry_version=7&sentry_client=sentry.javascript.react%2F7.120.3 → 200 (1ms, 20B)
[2026-08-14T14:49:17.654Z] GET https://murf.ai/Prod/ping/geography → 200 (161ms, 667B)
[2026-08-14T14:49:17.654Z] GET https://murf.ai/Prod/ping/fetch-pricing-plans/true → 200 (21ms, 2421B)
[2026-08-14T14:49:17.654Z] GET https://app.factors.ai/assets/factors.js → 200 (129ms, 11422B)
[2026-08-14T14:49:17.655Z] GET https://www.googletagmanager.com/gtag/js?id=G-K9JGVTSHDM → 200 (17ms, -522B)
[2026-08-14T14:49:17.655Z] GET https://www.googletagmanager.com/gtm.js?id=GTM-PQCX387J → 200 (247ms, 163995B)
[2026-08-14T14:49:17.655Z] GET https://www.googletagmanager.com/ns.html?id=GTM-PQCX387J → 200 (46ms, 348B)
[2026-08-14T14:49:17.663Z] GET https://snap.licdn.com/li.lms-analytics/insight.old.min.js → 200 (3ms, -410B)
[2026-08-14T14:49:17.667Z] GET https://www.gstatic.com/recaptcha/releases/XOqlk8PL_yVx6IdpLbpXdiLy/recaptcha__en.js → 200 (24ms, -887B)
[2026-08-14T14:49:17.667Z] POST https://o4504603155759104.ingest.sentry.io/api/4504603157528576/envelope/?sentry_key=9280dd93251d46b283a80ca7afd467c9&sentry_version=7&sentry_client=sentry.javascript.react%2F7.120.3 → 200 (29ms, 20B)
[2026-08-14T14:49:17.667Z] POST https://o4504603155759104.ingest.sentry.io/api/4504603157528576/envelope/?sentry_key=9280dd93251d46b283a80ca7afd467c9&sentry_version=7&sentry_client=sentry.javascript.react%2F7.120.3 → 200 (26ms, 20B)
[2026-08-14T14:49:17.668Z] GET https://murf.ai/static/js/495.12a5516c.chunk.js → 200 (24ms, 5578B)
[2026-08-14T14:49:17.668Z] GET https://murf.ai/static/js/8631.9d7fb249.chunk.js → 200 (24ms, 38022B)
[2026-08-14T14:49:17.668Z] GET https://murf.ai/Prod/ping/geography → 200 (132ms, 667B)
[2026-08-14T14:49:17.675Z] POST https://o4504603155759104.ingest.sentry.io/api/4504603157528576/envelope/?sentry_key=9280dd93251d46b283a80ca7afd467c9&sentry_version=7&sentry_client=sentry.javascript.react%2F7.120.3 → 200 (3ms, 20B)
[2026-08-14T14:49:17.676Z] POST https://o4504603155759104.ingest.sentry.io/api/4504603157528576/envelope/?sentry_key=9280dd93251d46b283a80ca7afd467c9&sentry_version=7&sentry_client=sentry.javascript.react%2F7.120.3 → 200 (1ms, 20B)
[2026-08-14T14:49:17.677Z] GET https://px.ads.linkedin.com/attribution_trigger?pid=4771596&time=1786718957675&url=https%3A%2F%2Fmurf.ai%2Fpricing → 200 (133ms, 954B)
[2026-08-14T14:49:17.677Z] GET https://px.ads.linkedin.com/collect?v=2&fmt=js&pid=4771596&time=1786718957675&li_adsId=b27c26fa-3ccd-4c5d-a46b-8d3d97b1123f&url=https%3A%2F%2Fmurf.ai%2Fpricing → 200 (147ms, 456B)
[2026-08-14T14:49:17.766Z] GET https://murf.ai/public-assets/webflow/footer-x-light.svg → 200 (12ms, 859B)
[2026-08-14T14:49:17.766Z] GET https://murf.ai/public-assets/webflow/footer-linkedin.svg → 200 (15ms, 988B)
[2026-08-14T14:49:17.766Z] GET https://murf.ai/public-assets/webflow/footer-instagram.svg → 200 (14ms, 2168B)
[2026-08-14T14:49:17.766Z] GET https://murf.ai/public-assets/webflow/footer-discord-light.svg → 200 (14ms, 1060B)
[2026-08-14T14:49:17.766Z] GET https://murf.ai/public-assets/webflow/footer-youtube.svg → 200 (15ms, 1407B)
[2026-08-14T14:49:17.766Z] GET https://murf.ai/public-assets/webflow/footer-email.svg → 200 (14ms, 1379B)
[2026-08-14T14:49:17.766Z] GET https://fonts.gstatic.com/s/robotoflex/v30/NaNeepOXO_NexZs0b5QrzlOHb8wCikXpYqmZsWI-__OGbt8jZktqc2V3Zs0KvDLdBP8SBZtOs2IifRuUZQMsPJtUsR4DEK6cULNeUx9XgTnH37Ha_FIAp4Fm0PP1hw45DntW2x0wZGzhPmr1YNMYKYn9_1IQXGwJAiUJVUMdN5YUW4O8HtSoXjC79QRyaLshNDUf9-EmF8tqHbE.woff2 → 200 (127ms, 195766B)
[2026-08-14T14:49:17.766Z] GET https://fonts.gstatic.com/s/materialiconsround/v109/LDItaoyNOAY6Uewc665JcIzCKsKc_M9flwmPq_HTTw.woff2 → 200 (133ms, 173672B)
[2026-08-14T14:49:17.766Z] GET https://fonts.gstatic.com/s/inter/v20/UcCo3FwrK3iLTcviYwYZ8UA3.woff2 → 200 (56ms, 73053B)
[2026-08-14T14:49:17.767Z] GET https://fonts.gstatic.com/s/materialiconsoutlined/v110/gok-H7zzDkdnRel8-DQ6KAXJ69wP1tGnf4ZGhUcel5euIg.woff2 → 200 (133ms, 155325B)
[2026-08-14T14:49:17.767Z] GET https://api.murf.ai/Prod/ping/api-pricing-plans?test-group=B&is-logged-in=false → 200 (139ms, 890B)
[2026-08-14T14:49:17.767Z] GET https://murf.ai/public-assets/v2-assets/logos/murf-icon.svg → 200 (19ms, 3273B)
[2026-08-14T14:49:17.768Z] GET https://murf.ai/public-assets/v2-assets/icons/icon_check.svg → 200 (133ms, 1299B)
[2026-08-14T14:49:17.768Z] GET https://murf.ai/public-assets/v2-assets/pricingv3/down_arrow.svg → 200 (19ms, 907B)
[2026-08-14T14:49:17.768Z] GET https://murf.ai/public-assets/v2-assets/pricingv3/handshake.svg → 200 (19ms, 980B)
[2026-08-14T14:49:17.768Z] GET https://murf.ai/public-assets/v2-assets/pricingv3/customer_success.svg → 200 (38ms, 1335B)
[2026-08-14T14:49:17.768Z] GET https://murf.ai/public-assets/v2-assets/pricingv3/help.svg → 200 (33ms, 896B)
[2026-08-14T14:49:17.768Z] GET https://murf.ai/public-assets/v2-assets/pricingv3/contact-us-bg.svg → 200 (35ms, 5813B)
[2026-08-14T14:49:17.768Z] GET https://murf.ai/public-assets/v2-assets/icons/salesforce.svg → 200 (39ms, 114643B)
[2026-08-14T14:49:17.768Z] GET https://murf.ai/public-assets/v2-assets/icons/pepsico.svg → 200 (39ms, 87738B)
[2026-08-14T14:49:17.768Z] GET https://murf.ai/public-assets/v2-assets/icons/oracle.svg → 200 (37ms, 17050B)
[2026-08-14T14:49:17.768Z] GET https://murf.ai/public-assets/v2-assets/icons/netflix.svg → 200 (39ms, 36013B)
[2026-08-14T14:49:17.769Z] GET https://murf.ai/public-assets/v2-assets/icons/michelin.svg → 200 (39ms, 55044B)
[2026-08-14T14:49:17.769Z] GET https://murf.ai/public-assets/v2-assets/icons/mckiney&company.svg → 200 (39ms, 5760B)
[2026-08-14T14:49:17.769Z] GET https://murf.ai/public-assets/v2-assets/icons/infosys.svg → 200 (39ms, 46315B)
[2026-08-14T14:49:17.769Z] GET https://murf.ai/public-assets/v2-assets/icons/deloitte.svg → 200 (40ms, 20843B)
[2026-08-14T14:49:17.770Z] GET https://murf.ai/public-assets/v2-assets/icons/baker_hughes.svg → 200 (39ms, 94033B)
[2026-08-14T14:49:17.770Z] GET https://murf.ai/public-assets/v2-assets/icons/accenture.svg → 200 (39ms, 20967B)
[2026-08-14T14:49:17.770Z] GET https://murf.ai/public-assets/v2-assets/pricingv3/rating.svg → 200 (39ms, 1841B)
[2026-08-14T14:49:17.770Z] GET https://murf.ai/public-assets/v2-assets/pricingv3/awards.svg → 200 (40ms, 62977B)
[2026-08-14T14:49:17.770Z] GET https://murf.ai/public-assets/v2-assets/icons/g2Icon.svg → 200 (45ms, 1057B)
[2026-08-14T14:49:17.770Z] GET https://murf.ai/public-assets/v2-assets/pricingv3/arrow_left_slider.svg → 200 (47ms, 993B)
[2026-08-14T14:49:17.770Z] GET https://murf.ai/public-assets/v2-assets/pricingv3/arrow_right_slider.svg → 200 (50ms, 952B)
[2026-08-14T14:49:17.770Z] GET https://murf.ai/public-assets/v2-assets/icons/review_icon1.webp → 200 (48ms, 2170B)
[2026-08-14T14:49:17.770Z] GET https://murf.ai/public-assets/v2-assets/icons/review_icon2.png → 200 (47ms, 26881B)
[2026-08-14T14:49:17.770Z] GET https://murf.ai/public-assets/v2-assets/icons/review_icon3.webp → 200 (50ms, 2460B)
[2026-08-14T14:49:17.770Z] GET https://murf.ai/public-assets/v2-assets/icons/review_icon4.png → 200 (50ms, 2146B)
[2026-08-14T14:49:17.770Z] GET https://murf.ai/public-assets/v2-assets/icons/review_icon5.jpeg → 200 (50ms, 5381B)
[2026-08-14T14:49:17.770Z] GET https://murf.ai/public-assets/v2-assets/icons/review_icon6.jpeg → 200 (49ms, 3965B)
[2026-08-14T14:49:17.770Z] GET https://murf.ai/public-assets/v2-assets/icons/review_icon7.jpeg → 200 (48ms, 4633B)
[2026-08-14T14:49:17.770Z] GET https://murf.ai/public-assets/v2-assets/icons/review_icon8.webp → 200 (49ms, 2809B)
[2026-08-14T14:49:17.770Z] GET https://murf.ai/public-assets/v2-assets/icons/review_icon9.jpeg → 200 (49ms, 6571B)
[2026-08-14T14:49:17.770Z] GET https://murf.ai/public-assets/v2-assets/icons/hippa.png → 200 (54ms, 18815B)
[2026-08-14T14:49:17.770Z] GET https://murf.ai/public-assets/v2-assets/icons/gdpr.png → 200 (49ms, 7659B)
[2026-08-14T14:49:17.770Z] GET https://murf.ai/public-assets/v2-assets/pricingv3/iso.svg → 200 (82ms, 61086B)
[2026-08-14T14:49:17.770Z] GET https://murf.ai/public-assets/v2-assets/icons/soc.png → 200 (77ms, 23325B)
[2026-08-14T14:49:17.771Z] GET https://murf.ai/public-assets/countries/us-canada.svg → 200 (77ms, 3335B)
[2026-08-14T14:49:17.771Z] GET https://murf.ai/public-assets/countries/uk.svg → 200 (76ms, 11386B)
[2026-08-14T14:49:17.771Z] GET https://murf.ai/public-assets/countries/australia.svg → 200 (76ms, 1256B)
[2026-08-14T14:49:17.771Z] GET https://murf.ai/public-assets/countries/germany.svg → 200 (77ms, 923B)
[2026-08-14T14:49:17.771Z] GET https://murf.ai/public-assets/countries/canada-france.svg → 200 (90ms, 1862B)
[2026-08-14T14:49:17.771Z] GET https://murf.ai/public-assets/countries/italy.svg → 200 (80ms, 965B)
[2026-08-14T14:49:17.771Z] GET https://murf.ai/public-assets/countries/spain-mexico.svg → 200 (79ms, 9991B)
[2026-08-14T14:49:17.771Z] GET https://murf.ai/public-assets/countries/russia.svg → 200 (83ms, 1076B)
[2026-08-14T14:49:17.771Z] GET https://murf.ai/public-assets/countries/brazil-portugal.svg → 200 (79ms, 16927B)
[2026-08-14T14:49:17.771Z] GET https://murf.ai/public-assets/countries/arabic.svg → 200 (83ms, 2005B)
[2026-08-14T14:49:17.772Z] GET https://murf.ai/public-assets/countries/india.svg → 200 (89ms, 5573B)
[2026-08-14T14:49:17.772Z] GET https://murf.ai/public-assets/countries/china.svg → 200 (87ms, 967B)
[2026-08-14T14:49:17.772Z] GET https://murf.ai/public-assets/countries/japan.svg → 200 (99ms, 994B)
[2026-08-14T14:49:17.772Z] GET https://murf.ai/public-assets/countries/korea.svg → 200 (77ms, 1882B)
[2026-08-14T14:49:17.772Z] GET https://murf.ai/public-assets/countries/netherlands.svg → 200 (121ms, 1051B)
[2026-08-14T14:49:17.772Z] GET https://murf.ai/public-assets/countries/denmark.svg → 200 (87ms, 1061B)
[2026-08-14T14:49:17.772Z] GET https://murf.ai/public-assets/countries/finland.svg → 200 (80ms, 924B)
[2026-08-14T14:49:17.772Z] GET https://murf.ai/public-assets/countries/norway.svg → 200 (82ms, 973B)
[2026-08-14T14:49:17.772Z] GET https://murf.ai/public-assets/countries/romania.svg → 200 (101ms, 967B)
[2026-08-14T14:49:17.772Z] GET https://murf.ai/public-assets/countries/turkey.svg → 200 (101ms, 1281B)
[2026-08-14T14:49:17.773Z] GET https://murf.ai/public-assets/countries/indonesia.svg → 200 (75ms, 1244B)
[2026-08-14T14:49:17.773Z] GET https://murf.ai/public-assets/countries/brazil.svg → 200 (88ms, 7226B)
[2026-08-14T14:49:17.773Z] GET https://murf.ai/public-assets/countries/scottish.svg → 200 (101ms, 1192B)
[2026-08-14T14:49:17.773Z] GET https://murf.ai/public-assets/v2-assets/rebranding/certification-soc.svg → 200 (101ms, 16956B)
[2026-08-14T14:49:17.773Z] GET https://murf.ai/public-assets/v2-assets/rebranding/certification-iso.svg → 200 (98ms, 61047B)
[2026-08-14T14:49:17.773Z] GET https://murf.ai/public-assets/v2-assets/rebranding/certification-gdpr.svg → 200 (101ms, 1988B)
[2026-08-14T14:49:17.773Z] GET https://murf.ai/Prod/ping/new-pricing-plans/true → 200 (130ms, 5050B)
[2026-08-14T14:49:17.781Z] GET https://bat.bing.com/action/0?ti=97150261&Ver=2 → pending (?ms, ?B)
[2026-08-14T14:49:17.782Z] GET https://js-na2.hs-scripts.com/24360943.js → 200 (119ms, 45B)
[2026-08-14T14:49:17.904Z] POST https://px.ads.linkedin.com/wa/?medium=fetch&fmt=g → 204 (109ms, ?B)
[2026-08-14T14:49:17.907Z] GET https://api.murf.ai/Prod/ping/api-pricing-plans?test-group=B&is-logged-in=false → 200 (106ms, 891B)
[2026-08-14T14:49:17.930Z] GET https://www.google.com/recaptcha/enterprise/anchor?ar=1&k=6Ldx1eonAAAAAD10nV2FxwRNTscfWRS5H37kwBG9&co=aHR0cHM6Ly9tdXJmLmFpOjQ0Mw..&hl=en&v=XOqlk8PL_yVx6IdpLbpXdiLy&size=invisible&anchor-ms=20000&execute-ms=30000&cb=is6rlwrh0gbc → 200 (161ms, 28550B)
[2026-08-14T14:49:17.931Z] POST https://api.factors.ai/sdk/get_info → 200 (268ms, 463B)
[2026-08-14T14:49:17.931Z] POST https://api.factors.ai/sdk/get_info → 200 (267ms, 464B)
[2026-08-14T14:49:17.933Z] POST https://api.factors.ai/sdk/get_info → 200 (261ms, 497B)
[2026-08-14T14:49:17.934Z] GET https://js-na2.usemessages.com/conversations-embed.js → 200 (3ms, -1148B)
[2026-08-14T14:49:17.934Z] GET https://js-na2.hscollectedforms.net/collectedforms.js → 200 (4ms, -1332B)
[2026-08-14T14:49:17.934Z] GET https://js-na2.hs-banner.com/v2/24360943/banner.js → 200 (4ms, -1698B)
[2026-08-14T14:49:17.934Z] GET https://js-na2.hsadspixel.net/pixels.js → 200 (83ms, 74B)
[2026-08-14T14:49:17.934Z] GET https://js-na2.hs-analytics.net/analytics/1786712400000/24360943.js → 200 (5ms, -651B)
[2026-08-14T14:49:17.948Z] GET https://www.googletagmanager.com/gtag/js?id=G-2H3YQRTV6T&cx=c&gtm=4e68d0h2 → 200 (254ms, 189765B)
[2026-08-14T14:49:17.948Z] GET https://static.ads-twitter.com/uwt.js → 200 (136ms, 14069B)
[2026-08-14T14:49:17.948Z] GET https://bat.bing.com/bat.js → 200 (83ms, 15671B)
[2026-08-14T14:49:17.957Z] GET https://api-na2.hubspot.com/livechat-public/v1/message/public?portalId=24360943&conversations-embed=static-1.27944&mobile=false&messagesUtk=0922f158a2f449789ee3a36ccce52453&traceId=0922f158a2f449789ee3a36ccce52453 → 200 (339ms, 2261B)
[2026-08-14T14:49:17.958Z] GET https://js-na2.hs-banner.com/v2/cf-location → 200 (127ms, 560B)
[2026-08-14T14:49:17.962Z] GET https://forms-na2.hscollectedforms.net/collected-forms/v1/config/json?portalId=24360943&utk= → 200 (130ms, 542B)
[2026-08-14T14:49:18.033Z] GET https://bat.bing.com/p/action/97150261.js → 200 (28ms, 1057B)
[2026-08-14T14:49:18.064Z] GET https://bat.bing.com/p/insights/t/97150261 → 200 (75ms, 1018B)
[2026-08-14T14:49:18.064Z] GET https://bat.bing.com/action/0?ti=97150261&tm=gtm002&Ver=2&mid=c3ca36fa-f04a-48cf-8158-0ec2dacaf15c&bo=1&sid=5397ac8097ef11f1a59081f4ab97e71f&vid=5397b66097ef11f198403ffdc6b31fdd&vids=1&msclkid=N&gtm_tag_source=1&pi=0&lg=en-US&sw=1280&sh=720&sc=24&tl=Murf.AI%20text%20to%20speech%20Pricing%20%7C%20Get%20started%20for%20free&p=https%3A%2F%2Fmurf.ai%2Fpricing&r=&lt=100&evt=pageLoad&sv=2&cdb=AQAS&rn=799257 → 204 (34ms, 122B)
[2026-08-14T14:49:18.085Z] GET https://api-na2.hubapi.com/hs-script-loader-public/v2/config/pixels-and-events/json?portalId=24360943 → 200 (86ms, 777B)
[2026-08-14T14:49:18.090Z] GET https://t.co/1/i/adsct?bci=4&dv=America%2FToronto%26en-US%26Google%20Inc.%26MacIntel%26127%261280%26720%268%2624%261280%26720%260%26na&eci=4&event=%7B%7D&event_id=7cb2dfcd-3027-47e8-8366-7bd0b326ee3c&integration=gtm&p_id=Twitter&p_user_id=0&pl_id=501cc2cd-f15b-48f1-a16b-b204bfb418b4&pt=Murf.AI%20text%20to%20speech%20Pricing%20%7C%20Get%20started%20for%20free&tw_document_href=https%3A%2F%2Fmurf.ai%2Fpricing&tw_iframe_status=0&tw_pid_src=1&twpid=tw.1786718958087.671957167452586386&txn_id=tw-og12i-r7w97&type=javascript&version=2.4.1 → 200 (143ms, 480B)
[2026-08-14T14:49:18.090Z] GET https://analytics.twitter.com/1/i/adsct?bci=4&dv=America%2FToronto%26en-US%26Google%20Inc.%26MacIntel%26127%261280%26720%268%2624%261280%26720%260%26na&eci=4&event=%7B%7D&event_id=7cb2dfcd-3027-47e8-8366-7bd0b326ee3c&integration=gtm&p_id=Twitter&p_user_id=0&pl_id=501cc2cd-f15b-48f1-a16b-b204bfb418b4&pt=Murf.AI%20text%20to%20speech%20Pricing%20%7C%20Get%20started%20for%20free&tw_document_href=https%3A%2F%2Fmurf.ai%2Fpricing&tw_iframe_status=0&tw_pid_src=1&twpid=tw.1786718958087.671957167452586386&txn_id=tw-og12i-r7w97&type=javascript&version=2.4.1 → 200 (95ms, 1011B)
[2026-08-14T14:49:18.090Z] GET https://t.co/1/i/adsct?bci=4&dv=America%2FToronto%26en-US%26Google%20Inc.%26MacIntel%26127%261280%26720%268%2624%261280%26720%260%26na&eci=3&event=%7B%7D&event_id=6f68315f-6a48-49a0-aec7-af21c3f53890&integration=gtm&p_id=Twitter&p_user_id=0&pl_id=501cc2cd-f15b-48f1-a16b-b204bfb418b4&pt=Murf.AI%20text%20to%20speech%20Pricing%20%7C%20Get%20started%20for%20free&tw_document_href=https%3A%2F%2Fmurf.ai%2Fpricing&tw_iframe_status=0&tw_pid_src=1&twpid=tw.1786718958087.671957167452586386&txn_id=og12i&type=javascript&version=2.4.1 → 200 (138ms, 667B)
[2026-08-14T14:49:18.090Z] GET https://analytics.twitter.com/1/i/adsct?bci=4&dv=America%2FToronto%26en-US%26Google%20Inc.%26MacIntel%26127%261280%26720%268%2624%261280%26720%260%26na&eci=3&event=%7B%7D&event_id=6f68315f-6a48-49a0-aec7-af21c3f53890&integration=gtm&p_id=Twitter&p_user_id=0&pl_id=501cc2cd-f15b-48f1-a16b-b204bfb418b4&pt=Murf.AI%20text%20to%20speech%20Pricing%20%7C%20Get%20started%20for%20free&tw_document_href=https%3A%2F%2Fmurf.ai%2Fpricing&tw_iframe_status=0&tw_pid_src=1&twpid=tw.1786718958087.671957167452586386&txn_id=og12i&type=javascript&version=2.4.1 → 200 (110ms, 824B)
[2026-08-14T14:49:18.097Z] GET https://www.gstatic.com/recaptcha/releases/XOqlk8PL_yVx6IdpLbpXdiLy/styles__ltr.css → 200 (?ms, -849B)
[2026-08-14T14:49:18.098Z] GET https://www.gstatic.com/recaptcha/releases/XOqlk8PL_yVx6IdpLbpXdiLy/recaptcha__en.js → 200 (12ms, -887B)
[2026-08-14T14:49:18.145Z] GET https://www.google.com/recaptcha/enterprise/webworker.js?hl=en&v=XOqlk8PL_yVx6IdpLbpXdiLy → 200 (10ms, -837B)
[2026-08-14T14:49:18.151Z] GET https://fonts.gstatic.com/s/roboto/v48/KFO7CnqEu92Fr1ME7kSn66aGLdTylUAMa3yUBHMdazQ.woff2 → 200 (?ms, -815B)
[2026-08-14T14:49:18.151Z] GET https://www.gstatic.com/recaptcha/api2/logo_48.png → 200 (?ms, -776B)
[2026-08-14T14:49:18.155Z] GET https://www.gstatic.com/recaptcha/releases/XOqlk8PL_yVx6IdpLbpXdiLy/recaptcha__en.js → 200 (46ms, -887B)
[2026-08-14T14:49:18.163Z] GET https://bat.bing.com/p/insights/s/0.8.69 → 200 (39ms, 14845B)
[2026-08-14T14:49:18.197Z] POST https://api.factors.ai/sdk/event/track → 304 (165ms, 12B)
[2026-08-14T14:49:18.200Z] POST https://api.factors.ai/sdk/service/error → 200 (367ms, 13B)
[2026-08-14T14:49:18.200Z] POST https://api.factors.ai/sdk/event/track → 304 (162ms, 12B)
[2026-08-14T14:49:18.200Z] POST https://api.factors.ai/sdk/event/track → 304 (154ms, 12B)
[2026-08-14T14:49:18.202Z] POST https://api.factors.ai/sdk/service/error → 200 (330ms, 13B)
[2026-08-14T14:49:18.202Z] POST https://api.factors.ai/sdk/event/track → 304 (151ms, 12B)
[2026-08-14T14:49:18.202Z] POST https://api.factors.ai/sdk/event/track → 304 (151ms, 12B)
[2026-08-14T14:49:18.235Z] GET https://connect.facebook.net/en_US/fbevents.js → 200 (107ms, 111351B)
[2026-08-14T14:49:18.235Z] GET https://track-na2.hubspot.com/__ptq.gif?k=1&sd=1280x720&cd=24-bit&cs=UTF-8&ln=en-us&bfp=774e95b7b839260e725956aff7d29dd2&v=1.1&a=24360943&rcu=https%3A%2F%2Fmurf.ai%2Fpricing&pu=https%3A%2F%2Fmurf.ai%2Fpricing&t=Murf.AI+text+to+speech+Pricing+%7C+Get+started+for+free&cts=1786718958234&vi=b2c9723c3c50778c42b70f1ec1989927&nc=true&u=11635051.b2c9723c3c50778c42b70f1ec1989927.1786718958233.1786718958233.1786718958233.1&b=11635051.1.1786718958233&cc=15 → 200 (176ms, 532B)
[2026-08-14T14:49:18.297Z] GET https://app-na2.hubspot.com/conversations-visitor/24360943/threads/utk/0922f158a2f449789ee3a36ccce52453?uuid=42ab2e0e15c245e388f35c8e94624a36&mobile=false&mobileSafari=false&hideWelcomeMessage=false&hstc=&domain=murf.ai&inApp53=false&messagesUtk=0922f158a2f449789ee3a36ccce52453&url=https%3A%2F%2Fmurf.ai%2Fpricing&inline=false&isFullscreen=false&globalCookieOptOut=&isFirstVisitorSession=false&isAttachmentDisabled=false&isInitialInputFocusDisabled=false&enableWidgetCookieBanner=false&isInCMS=false&hideScrollToButton=true&isIOSMobile=false → 200 (125ms, 20805B)
[2026-08-14T14:49:18.343Z] POST https://bat.bing.com/p/insights/c/n → 204 (87ms, 204B)
[2026-08-14T14:49:18.400Z] GET https://connect.facebook.net/signals/config/3532335366908695?v=2.9.377&r=stable&domain=murf.ai&hme=54e1ff78c67c58505a168f4db6b2d95d2daeace7ee6b53e01d6f2396e8523fa0&ex_m=113%2C218%2C164%2C25%2C78%2C79%2C156%2C74%2C73%2C11%2C174%2C98%2C19%2C148%2C136%2C43%2C81%2C86%2C144%2C169%2C176%2C29%2C17%2C30%2C31%2C32%2C34%2C52%2C157%2C83%2C121%2C21%2C23%2C48%2C44%2C46%2C45%2C91%2C100%2C104%2C119%2C155%2C158%2C50%2C120%2C27%2C24%2C128%2C75%2C40%2C160%2C159%2C161%2C152%2C150%2C28%2C39%2C63%2C118%2C171%2C76%2C20%2C123%2C89%2C72%2C22%2C93%2C94%2C125%2C92%2C146%2C145%2C149%2C105%2C170%2C173%2C38%2C53%2C122%2C51%2C8%2C4%2C5%2C7%2C6%2C3%2C99%2C110%2C177%2C185%2C232%2C80%2C245%2C244%2C243%2C14%2C26%2C37%2C59%2C112%2C65%2C10%2C69%2C106%2C107%2C108%2C114%2C139%2C35%2C33%2C141%2C142%2C143%2C138%2C137%2C165%2C82%2C168%2C166%2C167%2C54%2C64%2C132%2C18%2C172%2C49%2C290%2C291%2C289%2C304%2C323%2C225%2C214%2C66%2C215%2C213%2C326%2C317%2C56%2C226%2C116%2C140%2C88%2C130%2C58%2C129%2C135%2C134%2C62%2C70%2C68%2C162%2C84%2C85%2C124%2C41%2C36%2C57%2C60%2C109%2C175%2C1%2C133%2C16%2C131%2C12%2C2%2C61%2C101%2C15%2C71%2C67%2C127%2C97%2C96%2C178%2C179%2C102%2C103%2C9%2C111%2C55%2C153%2C95%2C87%2C77%2C126%2C115%2C47%2C154%2C0%2C90%2C147%2C151%2C163%2C42%2C117%2C13%2C180 → 200 (142ms, 66838B)
[2026-08-14T14:49:18.423Z] POST https://www.google.com/recaptcha/enterprise/reload?k=6Ldx1eonAAAAAD10nV2FxwRNTscfWRS5H37kwBG9 → 200 (139ms, 2370B)
[2026-08-14T14:49:18.424Z] GET https://static.hsappstatic.net/trellis-theming-assets/ex/live/hubspot-theme.stable.css → 200 (7ms, -1193B)
[2026-08-14T14:49:18.424Z] GET https://static.hsappstatic.net/trellis-theming-assets/ex/live/hubspot-theme.stable.js → 200 (1ms, -1274B)
[2026-08-14T14:49:18.425Z] GET https://static.hsappstatic.net/head-dlb/static-1.5007/bundle.production.js → 200 (1ms, -1388B)
[2026-08-14T14:49:18.426Z] GET https://static.hsappstatic.net/conversations-visitor-ui/static-1.30374/sass/visitor.css → 200 (5ms, -1295B)
[2026-08-14T14:49:18.426Z] GET https://static.hsappstatic.net/hubspot-dlb/static-2.1882/bundle.production.js → 200 (2ms, -1386B)
[2026-08-14T14:49:18.429Z] GET https://static.hsappstatic.net/react-dlb/static-1.85/bundle.production.js → 200 (?ms, -1387B)
[2026-08-14T14:49:18.430Z] GET https://static.hsappstatic.net/conversations-visitor-ui/static-1.30387/bundles/visitor.js → 200 (?ms, -1382B)
[2026-08-14T14:49:18.459Z] GET https://static.hsappstatic.net/conversations-visitor-ui/static-1.30374/i18n-data-data-modern-locales-en-us.js → 200 (?ms, -1380B)
[2026-08-14T14:49:18.462Z] GET https://static.hsappstatic.net/conversations-visitor-ui/static-1.9449/audio/notification.mp3 → 206 (11ms, -1239B)
[2026-08-14T14:49:18.469Z] GET https://static.hsappstatic.net/whisper-core/ex/whisper-core.js → 200 (?ms, -1286B)
[2026-08-14T14:49:18.474Z] GET https://static.hsappstatic.net/whisper-core/static-1.10104/whisper-core-entry.js → 200 (?ms, -1383B)
[2026-08-14T14:49:18.482Z] POST https://exceptions-na2.hubspot.com/frontend/observability/page-tracking/store/?sentry_version=7&sentry_client=raven-js%2F3.19.1&deployable=conversations-visitor-ui → pending (?ms, ?B)
[2026-08-14T14:49:18.482Z] POST https://app-na2.hubspot.com/api/cartographer/v1/rhumb?hs_static_app=conversations-visitor-ui&hs_static_app_version=1.30387 → pending (?ms, ?B)
[2026-08-14T14:49:18.482Z] GET https://app-na2.hubspot.com/api/livechat-public/v1/feedback/survey/CSAT/2?hs_static_app=conversations-visitor-ui&hs_static_app_version=1.30387&conversations-visitor-ui=static-1.30387&traceId=0922f158a2f449789ee3a36ccce52453&sessionId=ANP4AQl-C3gvCwxLy4SaeW4VOh3zPZ2nmUcbUfbWUp_2SarsRWo4_I2QXGTYpmiqllF1T2AKjopn9-AY8uMMBcJbeOEdnK6VxKDfihsKyBbB7pWS9P8maN5TqUUB0KS6Ew7IZPIW-T8hfYLibYKLzRZZvEJaQ2VIV5ZDNf5zoePv-mmo5uU8Y4U → pending (?ms, ?B)
[2026-08-14T14:49:18.482Z] GET https://app-na2.hubspot.com/api/livechat-public/v1/thread/visitor/recent?hs_static_app=conversations-visitor-ui&hs_static_app_version=1.30387&conversations-visitor-ui=static-1.30387&traceId=0922f158a2f449789ee3a36ccce52453&sessionId=ANP4AQl-C3gvCwxLy4SaeW4VOh3zPZ2nmUcbUfbWUp_2SarsRWo4_I2QXGTYpmiqllF1T2AKjopn9-AY8uMMBcJbeOEdnK6VxKDfihsKyBbB7pWS9P8maN5TqUUB0KS6Ew7IZPIW-T8hfYLibYKLzRZZvEJaQ2VIV5ZDNf5zoePv-mmo5uU8Y4U → pending (?ms, ?B)
[2026-08-14T14:49:18.567Z] POST https://content-firebaseappcheck.googleapis.com/v1/projects/murf-ai/apps/1:999638116296:web:6d801d834f66f51f7c02fd:exchangeRecaptchaEnterpriseToken?key=AIzaSyDQyfss4q_uqGeqySU2i0fI3VQdrglSXmc → pending (?ms, ?B)
[2026-08-14T14:49:18.569Z] POST https://www.google.com/recaptcha/enterprise/clr?k=6Ldx1eonAAAAAD10nV2FxwRNTscfWRS5H37kwBG9 → pending (?ms, ?B)
[2026-08-14T14:49:18.676Z] GET https://js.stripe.com/v3/m-outer-3437aaddcdf6922d623e172c2d6f9278.html → 200 (1ms, -1321B)
[2026-08-14T14:49:18.685Z] GET https://js.stripe.com/v3/fingerprinted/js/m-outer-15a2b40a058ddff1cffdb63779fe3de1.js → 200 (?ms, -676B)
[2026-08-14T14:49:18.685Z] GET https://m.stripe.network/inner.html → 200 (1ms, -1199B)
[2026-08-14T14:49:18.745Z] GET https://m.stripe.network/out-4.5.45.js → 200 (1ms, -642B)
[2026-08-14T14:49:18.757Z] POST https://analytics.google.com/g/collect?v=2&tid=G-2H3YQRTV6T&gtm=45je68d0h2v9204617388z89192180182za20gzb9192180182zd9192180182&_p=1786718957653&_gaz=1&gcs=G111&gcd=13t3t3t3t5l1&npa=0&dma=0&_eu=AAAAACAC&are=1&cid=1987978666.1786718959&frm=0&ibt=1&ngs=1&pscdl=noapi&rcb=2&sr=1280x720&uaa=arm&uab=64&uafvl=Not%253AA-Brand%3B99.0.0.0%7CHeadlessChrome%3B145.0.7632.6%7CChromium%3B145.0.7632.6&uam=&uamb=0&uap=macOS&uapv=26.5.1&uaw=0&ul=en-us&_s=1&tag_exp=115616986~115938466~115938468~118897920~118897930~119367802~119367810~119527020~120385423&sid=1786718958&sct=1&seg=0&dl=https%3A%2F%2Fmurf.ai%2Fpricing&dt=Murf.AI%20text%20to%20speech%20Pricing%20%7C%20Get%20started%20for%20free&en=page_view&_fv=1&_nsi=1&_ss=1&tfd=1213 → 204 (109ms, ?B)
[2026-08-14T14:49:18.757Z] POST https://stats.g.doubleclick.net/g/collect?v=2&ngs=1&ibt=1&tid=G-2H3YQRTV6T&cid=1987978666.1786718959&gtm=45je68d0h2v9204617388z89192180182za20gzb9192180182zd9192180182&rcb=2&aip=1&dma=0&gcs=G111&gcd=13t3t3t3t5l1&npa=0&frm=0&tag_exp=115616986~115938466~115938468~118897920~118897930~119367802~119367810~119527020~120385423 → 204 (115ms, 552B)
[2026-08-14T14:49:18.758Z] GET https://www.google.ca/ads/ga-audiences?v=1&t=sr&slf_rd=1&_r=4&ngs=1&ibt=1&tid=G-2H3YQRTV6T&cid=1987978666.1786718959&gtm=45je68d0h2v9204617388z89192180182za20gzb9192180182zd9192180182&rcb=2&aip=1&dma=0&gcs=G111&gcd=13t3t3t3t5l1&npa=0&frm=0&tag_exp=115616986~115938466~115938468~118897920~118897930~119367802~119367810~119527020~120385423&z=1701287931 → 200 (104ms, 408B)
[2026-08-14T14:49:18.796Z] GET https://googleads.g.doubleclick.net/pagead/viewthroughconversion/350723826/?random=1786718957688&cv=11&fst=1786718957688&bg=ffffff&guid=ON&async=1&en=gtag.config&gtm=45je68c1v896327468za200zd896327468xec&gcd=13t3t3t3t5l1&dma=0&tag_exp=115616986~115938466~115938469~118395334~118897920~118897930~119367802~119367810~119527020~120385423&u_w=1280&u_h=720&url=https%3A%2F%2Fmurf.ai%2Fpricing&rcb=6&_dbg=0&frm=0&tiba=Murf.AI%20text%20to%20speech%20Pricing%20%7C%20Get%20started%20for%20free&hn=www.googleadservices.com&npa=0&pscdl=noapi&auid=35002087.1786718959&uaa=arm&uab=64&uafvl=Not%253AA-Brand%3B99.0.0.0%7CHeadlessChrome%3B145.0.7632.6%7CChromium%3B145.0.7632.6&uamb=0&uam=&uap=macOS&uapv=26.5.1&uaw=0&data=event%3Dgtag.config&ept=9&rfmt=3&fmt=4 → 200 (83ms, 3203B)
[2026-08-14T14:49:18.797Z] POST https://www.google.com/rmkt/collect/350723826/?random=1786718957688&cv=11&fst=1786718957688&fmt=8&bg=ffffff&guid=ON&async=1&en=gtag.config&gtm=45je68c1v896327468za200zd896327468xec&gcd=13t3t3t3t5l1&dma=0&tag_exp=115616986~115938466~115938469~118395334~118897920~118897930~119367802~119367810~119527020~120385423&u_w=1280&u_h=720&url=https%3A%2F%2Fmurf.ai%2Fpricing&rcb=6&_dbg=0&frm=0&tiba=Murf.AI%20text%20to%20speech%20Pricing%20%7C%20Get%20started%20for%20free&hn=www.googleadservices.com&npa=0&pscdl=noapi&auid=35002087.1786718959&uaa=arm&uab=64&uafvl=Not%253AA-Brand%3B99.0.0.0%7CHeadlessChrome%3B145.0.7632.6%7CChromium%3B145.0.7632.6&uamb=0&uam=&uap=macOS&uapv=26.5.1&uaw=0&data=event%3Dgtag.config&ept=68&gcp=5 → 200 (25ms, ?B)
[2026-08-14T14:49:18.797Z] POST https://analytics.google.com/g/collect?v=2&tid=G-K9JGVTSHDM&gtm=45je68c1v896327468za200zd896327468&_p=1786718957653&_gaz=1&gcs=G111&gcd=13t3t3t3t5l1&npa=0&dma=0&_eu=EAAAAGAC&are=1&cid=1987978666.1786718959&frm=0&ir=1&pscdl=noapi&rcb=6&sr=1280x720&uaa=arm&uab=64&uafvl=Not%253AA-Brand%3B99.0.0.0%7CHeadlessChrome%3B145.0.7632.6%7CChromium%3B145.0.7632.6&uam=&uamb=0&uap=macOS&uapv=26.5.1&uaw=0&ul=en-us&gaf=2&_s=1&tag_exp=115616986~115938466~115938469~118395334~118897920~118897930~119367802~119367810~119527020~120385423&sid=1786718957&sct=1&seg=0&dl=https%3A%2F%2Fmurf.ai%2Fpricing&dt=Murf.AI%20text%20to%20speech%20Pricing%20%7C%20Get%20started%20for%20free&en=page_view&_fv=1&_ss=1&_ee=1&tfd=1234 → 204 (65ms, ?B)
[2026-08-14T14:49:18.797Z] POST https://stats.g.doubleclick.net/g/collect?v=2&tid=G-K9JGVTSHDM&cid=1987978666.1786718959&gtm=45je68c1v896327468za200zd896327468&rcb=6&aip=1&dma=0&gcs=G111&gcd=13t3t3t3t5l1&npa=0&frm=0&tag_exp=115616986~115938466~115938469~118395334~118897920~118897930~119367802~119367810~119527020~120385423 → 204 (76ms, 57B)
[2026-08-14T14:49:18.797Z] POST https://analytics.google.com/g/collect?v=2&tid=G-K9JGVTSHDM&gtm=45je68c1v896327468za200zd896327468&_p=1786718957653&gcs=G111&gcd=13t3t3t3t5l1&npa=0&dma=0&_eu=EAAAAGQC&are=1&cid=1987978666.1786718959&frm=0&ir=1&pscdl=noapi&rcb=6&sr=1280x720&uaa=arm&uab=64&uafvl=Not%253AA-Brand%3B99.0.0.0%7CHeadlessChrome%3B145.0.7632.6%7CChromium%3B145.0.7632.6&uam=&uamb=0&uap=macOS&uapv=26.5.1&uaw=0&ul=en-us&gaf=2&tag_exp=115616986~115938466~115938469~118395334~118897920~118897930~119367802~119367810~119527020~120385423&sid=1786718957&sct=1&seg=1&dl=https%3A%2F%2Fmurf.ai%2Fpricing&dt=Murf.AI%20text%20to%20speech%20Pricing%20%7C%20Get%20started%20for%20free&_s=2&tfd=1248 → 204 (59ms, ?B)
[2026-08-14T14:49:18.797Z] POST https://www.google.com/ccm/collect?rcb=6&frm=0&apvc=1&auid=35002087.1786718959&dt=Murf.AI%20text%20to%20speech%20Pricing%20%7C%20Get%20started%20for%20free&tid=AW-350723826&en=page_view&dl=https%3A%2F%2Fmurf.ai%2Fpricing&scrsrc=www.googletagmanager.com&rnd=1797515868.1786718959&navt=n&npa=0&ep.debug_mode=0&gtm=45je68c1v896327468za200zd896327468xec&gcs=G111&gcd=13t3t3t3t5l1&dma=0&tag_exp=115616986~115938466~115938469~118395334~118897920~118897930~119367802~119367810~119527020~120385423&tft=1786718958794&tfd=1253&tids=AW-350723826&fmt=8 → 200 (46ms, ?B)
[2026-08-14T14:49:18.797Z] POST https://ad.doubleclick.net/ccm/s/collect?auid=35002087.1786718959&gtm=45je68c1v896327468za200zd896327468xec&fmt=8 → 204 (102ms, ?B)
[2026-08-14T14:49:18.797Z] GET https://www.google.ca/ads/ga-audiences?v=1&t=sr&slf_rd=1&_r=4&tid=G-K9JGVTSHDM&cid=1987978666.1786718959&gtm=45je68c1v896327468za200zd896327468&rcb=6&aip=1&dma=0&gcs=G111&gcd=13t3t3t3t5l1&npa=0&frm=0&tag_exp=115616986~115938466~115938469~118395334~118897920~118897930~119367802~119367810~119527020~120385423&z=1291112104 → 200 (65ms, 107B)
[2026-08-14T14:49:18.798Z] POST https://www.google.com/ccm/collect?rcb=16&frm=0&apvc=0&ae=g&auid=35002087.1786718959&dt=Murf.AI%20text%20to%20speech%20Pricing%20%7C%20Get%20started%20for%20free&en=page_view&dl=https%3A%2F%2Fmurf.ai%2Fpricing&scrsrc=www.googletagmanager.com&rnd=1797515868.1786718959&navt=n&npa=0&ep.ads_data_redaction=0&gtm=45He68d0h2v9192180182za200zd9192180182xea&gcs=G111&gcd=13t3t3t3t5l1&dma=0&tag_exp=115616985~115938466~115938468~118897920~118897930~119527019~120125305~120385423&tft=1786718958795&tfd=1254&fmt=8 → 200 (48ms, ?B)
[2026-08-14T14:49:18.802Z] POST https://m.stripe.com/6 → 200 (71ms, 579B)
[2026-08-14T14:49:18.879Z] GET https://www.google.com/pagead/1p-user-list/350723826/?random=1786718957688&cv=11&fst=1786716000000&bg=ffffff&guid=ON&async=1&en=gtag.config&gtm=45je68c1v896327468za200zd896327468xec&gcd=13t3t3t3t5l1&dma=0&tag_exp=115616986~115938466~115938469~118395334~118897920~118897930~119367802~119367810~119527020~120385423&u_w=1280&u_h=720&url=https%3A%2F%2Fmurf.ai%2Fpricing&rcb=6&_dbg=0&frm=0&tiba=Murf.AI%20text%20to%20speech%20Pricing%20%7C%20Get%20started%20for%20free&hn=www.googleadservices.com&npa=0&pscdl=noapi&auid=35002087.1786718959&uaa=arm&uab=64&uafvl=Not%253AA-Brand%3B99.0.0.0%7CHeadlessChrome%3B145.0.7632.6%7CChromium%3B145.0.7632.6&uamb=0&uam=&uap=macOS&uapv=26.5.1&uaw=0&data=event%3Dgtag.config&ept=9&rfmt=3&fmt=3&is_vtc=1&cid=CAQS0wEAEQoqgTqWg6QdU6ljUS6GvNXBA-4Po34SePKWjs1aKBTJGwD3LLwJ4-WXjctPiOg3a4123JeA96UxCaA0Lx4sWZLz7LqWuzyDxJYrtOnWS6Fy87UOuYmF_vShq2b0fFHPLQRZv3uiwMS7cq-WrPrNQ3aIiCnGe5NyShH38dq5n4vzpmIG-UI64Di_1S4TZ-Ygyt1UgTzFMCQW4BCci6p2LuGqjFaajcfhDC23BuTM0HBaTjwuPZ_KMNgV68CHLb93PaCCuMsroP0YG72U1jPxgq4k&random=2213530361&rmt_tld=0&ipr=y → 200 (53ms, 64B)
[2026-08-14T14:49:18.879Z] GET https://www.google.ca/pagead/1p-user-list/350723826/?random=1786718957688&cv=11&fst=1786716000000&bg=ffffff&guid=ON&async=1&en=gtag.config&gtm=45je68c1v896327468za200zd896327468xec&gcd=13t3t3t3t5l1&dma=0&tag_exp=115616986~115938466~115938469~118395334~118897920~118897930~119367802~119367810~119527020~120385423&u_w=1280&u_h=720&url=https%3A%2F%2Fmurf.ai%2Fpricing&rcb=6&_dbg=0&frm=0&tiba=Murf.AI%20text%20to%20speech%20Pricing%20%7C%20Get%20started%20for%20free&hn=www.googleadservices.com&npa=0&pscdl=noapi&auid=35002087.1786718959&uaa=arm&uab=64&uafvl=Not%253AA-Brand%3B99.0.0.0%7CHeadlessChrome%3B145.0.7632.6%7CChromium%3B145.0.7632.6&uamb=0&uam=&uap=macOS&uapv=26.5.1&uaw=0&data=event%3Dgtag.config&ept=9&rfmt=3&fmt=3&is_vtc=1&cid=CAQS0wEAEQoqgTqWg6QdU6ljUS6GvNXBA-4Po34SePKWjs1aKBTJGwD3LLwJ4-WXjctPiOg3a4123JeA96UxCaA0Lx4sWZLz7LqWuzyDxJYrtOnWS6Fy87UOuYmF_vShq2b0fFHPLQRZv3uiwMS7cq-WrPrNQ3aIiCnGe5NyShH38dq5n4vzpmIG-UI64Di_1S4TZ-Ygyt1UgTzFMCQW4BCci6p2LuGqjFaajcfhDC23BuTM0HBaTjwuPZ_KMNgV68CHLb93PaCCuMsroP0YG72U1jPxgq4k&random=2213530361&rmt_tld=1&ipr=y → 200 (44ms, 154B)
[2026-08-14T14:49:19.756Z] GET https://murf.ai/public-assets/v2-assets/pricingv3/contact_sales_bg.svg → pending (?ms, ?B)
[2026-08-14T14:49:19.756Z] GET https://murf.ai/public-assets/v2-assets/pricingv3/contact_support_bg.svg → pending (?ms, ?B)
[2026-08-14T14:49:19.756Z] GET https://murf.ai/public-assets/v2-assets/pricingv3/help_center_bg.svg → pending (?ms, ?B)
[2026-08-14T14:49:19.756Z] GET https://murf.ai/public-assets/v2-assets/pricingv3/reliability.svg → pending (?ms, ?B)
[2026-08-14T14:49:19.756Z] GET https://murf.ai/public-assets/v2-assets/pricingv3/profile_icon.svg → pending (?ms, ?B)
[2026-08-14T14:49:19.756Z] GET https://murf.ai/public-assets/v2-assets/pricingv3/contact_us.svg → pending (?ms, ?B)
[2026-08-14T14:49:19.757Z] GET https://t.co/1/i/adsct?bci=4&dv=America%2FToronto%26en-US%26Google%20Inc.%26MacIntel%26127%261280%26720%268%2624%261280%26720%260%26na&eci=4&event=%7B%7D&event_id=7cb2dfcd-3027-47e8-8366-7bd0b326ee3c&integration=gtm&p_id=Twitter&p_user_id=0&pl_id=501cc2cd-f15b-48f1-a16b-b204bfb418b4&pt=Murf.AI%20text%20to%20speech%20Pricing%20%7C%20Get%20started%20for%20free&tw_document_href=https%3A%2F%2Fmurf.ai%2Fpricing&tw_iframe_status=0&tw_pid_src=1&twpid=tw.1786718958087.671957167452586386&txn_id=tw-og12i-r7w97&type=javascript&version=2.4.1 → pending (?ms, ?B)
[2026-08-14T14:49:19.757Z] GET https://analytics.twitter.com/1/i/adsct?bci=4&dv=America%2FToronto%26en-US%26Google%20Inc.%26MacIntel%26127%261280%26720%268%2624%261280%26720%260%26na&eci=4&event=%7B%7D&event_id=7cb2dfcd-3027-47e8-8366-7bd0b326ee3c&integration=gtm&p_id=Twitter&p_user_id=0&pl_id=501cc2cd-f15b-48f1-a16b-b204bfb418b4&pt=Murf.AI%20text%20to%20speech%20Pricing%20%7C%20Get%20started%20for%20free&tw_document_href=https%3A%2F%2Fmurf.ai%2Fpricing&tw_iframe_status=0&tw_pid_src=1&twpid=tw.1786718958087.671957167452586386&txn_id=tw-og12i-r7w97&type=javascript&version=2.4.1 → 200 (50ms, 157B)
[2026-08-14T14:49:19.758Z] GET https://t.co/1/i/adsct?bci=4&dv=America%2FToronto%26en-US%26Google%20Inc.%26MacIntel%26127%261280%26720%268%2624%261280%26720%260%26na&eci=3&event=%7B%7D&event_id=6f68315f-6a48-49a0-aec7-af21c3f53890&integration=gtm&p_id=Twitter&p_user_id=0&pl_id=501cc2cd-f15b-48f1-a16b-b204bfb418b4&pt=Murf.AI%20text%20to%20speech%20Pricing%20%7C%20Get%20started%20for%20free&tw_document_href=https%3A%2F%2Fmurf.ai%2Fpricing&tw_iframe_status=0&tw_pid_src=1&twpid=tw.1786718958087.671957167452586386&txn_id=og12i&type=javascript&version=2.4.1 → 200 (70ms, 158B)
[2026-08-14T14:49:19.758Z] GET https://analytics.twitter.com/1/i/adsct?bci=4&dv=America%2FToronto%26en-US%26Google%20Inc.%26MacIntel%26127%261280%26720%268%2624%261280%26720%260%26na&eci=3&event=%7B%7D&event_id=6f68315f-6a48-49a0-aec7-af21c3f53890&integration=gtm&p_id=Twitter&p_user_id=0&pl_id=501cc2cd-f15b-48f1-a16b-b204bfb418b4&pt=Murf.AI%20text%20to%20speech%20Pricing%20%7C%20Get%20started%20for%20free&tw_document_href=https%3A%2F%2Fmurf.ai%2Fpricing&tw_iframe_status=0&tw_pid_src=1&twpid=tw.1786718958087.671957167452586386&txn_id=og12i&type=javascript&version=2.4.1 → 200 (49ms, 132B)
[2026-08-14T14:49:19.758Z] GET https://bat.bing.com/action/0?ti=97150261&tm=gtm002&Ver=2&mid=c3ca36fa-f04a-48cf-8158-0ec2dacaf15c&bo=1&sid=5397ac8097ef11f1a59081f4ab97e71f&vid=5397b66097ef11f198403ffdc6b31fdd&vids=1&msclkid=N&gtm_tag_source=1&pi=0&lg=en-US&sw=1280&sh=720&sc=24&tl=Murf.AI%20text%20to%20speech%20Pricing%20%7C%20Get%20started%20for%20free&p=https%3A%2F%2Fmurf.ai%2Fpricing&r=&lt=100&evt=pageLoad&sv=2&cdb=AQAS&rn=799257 → 204 (25ms, 121B)
[2026-08-14T14:49:19.820Z] GET https://murf.ai/api → 200 (16ms, 59742B)
[2026-08-14T14:49:19.864Z] POST https://bat.bing.com/actionp/0?ti=97150261&tm=gtm002&Ver=2&mid=c3ca36fa-f04a-48cf-8158-0ec2dacaf15c&bo=2&sid=5397ac8097ef11f1a59081f4ab97e71f&vid=5397b66097ef11f198403ffdc6b31fdd&vids=1&msclkid=N&evt=pageHide → pending (?ms, ?B)
[2026-08-14T14:49:19.865Z] POST https://bat.bing.com/p/insights/c/n → pending (?ms, ?B)
[2026-08-14T14:49:19.865Z] POST https://analytics.google.com/g/collect?v=2&tid=G-2H3YQRTV6T&gtm=45je68d0h2v9204617388za20gzb9192180182zd9192180182&_p=1786718957653&_gaz=1&gcs=G111&gcd=13t3t3t3t5l1&npa=0&dma=0&_eu=AAAAACQC&are=1&cid=1987978666.1786718959&frm=0&ibt=1&ngs=1&pscdl=noapi&rcb=2&sr=1280x720&uaa=arm&uab=64&uafvl=Not%253AA-Brand%3B99.0.0.0%7CHeadlessChrome%3B145.0.7632.6%7CChromium%3B145.0.7632.6&uam=&uamb=0&uap=macOS&uapv=26.5.1&uaw=0&ul=en-us&_s=2&tag_exp=115616986~115938466~115938468~118897920~118897930~119367802~119367810~119527020~120385423&sid=1786718958&sct=1&seg=0&dl=https%3A%2F%2Fmurf.ai%2Fpricing&dt=Murf.AI%20text%20to%20speech%20Pricing%20%7C%20Get%20started%20for%20free&en=user_engagement&_et=1087&tfd=2304 → pending (?ms, ?B)
[2026-08-14T14:49:19.865Z] GET https://www.google.ca/ads/ga-audiences?v=1&t=sr&slf_rd=1&_r=4&ngs=1&ibt=1&tid=G-2H3YQRTV6T&cid=1987978666.1786718959&gtm=45je68d0h2v9204617388za20gzb9192180182zd9192180182&rcb=2&aip=1&dma=0&gcs=G111&gcd=13t3t3t3t5l1&npa=0&frm=0&tag_exp=115616986~115938466~115938468~118897920~118897930~119367802~119367810~119527020~120385423&z=1856994104 → pending (?ms, ?B)
[2026-08-14T14:49:19.865Z] POST https://analytics.google.com/g/collect?v=2&tid=G-K9JGVTSHDM&gtm=45je68c1v896327468za200zd896327468&_p=1786718957653&gcs=G111&gcd=13t3t3t3t5l1&npa=0&dma=0&_eu=EEAAAGQC&ae=a&are=1&cid=1987978666.1786718959&frm=0&ir=1&pscdl=noapi&rcb=6&sr=1280x720&uaa=arm&uab=64&uafvl=Not%253AA-Brand%3B99.0.0.0%7CHeadlessChrome%3B145.0.7632.6%7CChromium%3B145.0.7632.6&uam=&uamb=0&uap=macOS&uapv=26.5.1&uaw=0&ul=en-us&gaf=2&_s=3&tag_exp=115616986~115938466~115938469~118395334~118897920~118897930~119367802~119367810~119527020~120385423&sid=1786718957&sct=1&seg=1&dl=https%3A%2F%2Fmurf.ai%2Fpricing&dt=Murf.AI%20text%20to%20speech%20Pricing%20%7C%20Get%20started%20for%20free&en=scroll&ep.debug_mode=false&epn.percent_scrolled=90&tfd=2309 → pending (?ms, ?B)
[2026-08-14T14:49:19.865Z] POST https://analytics.google.com/g/collect?v=2&tid=G-K9JGVTSHDM&gtm=45je68c1v896327468za200zd896327468&_p=1786718957653&gcs=G111&gcd=13t3t3t3t5l1&npa=0&dma=0&_eu=EAAAAGQC&are=1&cid=1987978666.1786718959&frm=0&ir=1&pscdl=noapi&rcb=6&sr=1280x720&uaa=arm&uab=64&uafvl=Not%253AA-Brand%3B99.0.0.0%7CHeadlessChrome%3B145.0.7632.6%7CChromium%3B145.0.7632.6&uam=&uamb=0&uap=macOS&uapv=26.5.1&uaw=0&ul=en-us&gaf=2&_s=4&tag_exp=115616986~115938466~115938469~118395334~118897920~118897930~119367802~119367810~119527020~120385423&sid=1786718957&sct=1&seg=1&dl=https%3A%2F%2Fmurf.ai%2Fpricing&dt=Murf.AI%20text%20to%20speech%20Pricing%20%7C%20Get%20started%20for%20free&en=user_engagement&ep.debug_mode=false&_et=1057&tfd=2310 → pending (?ms, ?B)
[2026-08-14T14:49:19.865Z] POST https://o4504603155759104.ingest.sentry.io/api/4504603157528576/envelope/?sentry_key=9280dd93251d46b283a80ca7afd467c9&sentry_version=7&sentry_client=sentry.javascript.react%2F7.120.3 → pending (?ms, ?B)
[2026-08-14T14:49:19.865Z] POST https://api-js.mixpanel.com/track/?verbose=1&ip=1&_=1786718959853 → pending (?ms, ?B)
[2026-08-14T14:49:19.866Z] POST https://app-na2.hubspot.com/api/cartographer/v1/performance?hs_static_app=conversations-visitor-ui&hs_static_app_version=1.30387 → pending (?ms, ?B)
[2026-08-14T14:49:19.866Z] POST https://app-na2.hubspot.com/api/cartographer/v1/performance?hs_static_app=conversations-visitor-ui&hs_static_app_version=1.30387 → pending (?ms, ?B)
[2026-08-14T14:49:19.866Z] POST https://metrics-fe-na2.hubspot.com/metrics/v1/frontend/custom/send?hs_static_app=conversations-visitor-ui&hs_static_app_version=static-1.30387&metrics_js_version=2.1882 → pending (?ms, ?B)
[2026-08-14T14:49:19.866Z] POST https://metrics-fe-na2.hubspot.com/cartographer/v1/ipl → pending (?ms, ?B)
[2026-08-14T14:49:19.866Z] POST https://app-na2.hubspot.com/api/cartographer/v1/performance?hs_static_app=conversations-visitor-ui&hs_static_app_version=1.30387 → pending (?ms, ?B)
[2026-08-14T14:49:19.866Z] POST https://metrics-fe-na2.hubspot.com/metrics/v1/frontend/send → pending (?ms, ?B)
[2026-08-14T14:49:19.866Z] POST https://www.google.com/g/collect?v=2&tid=G-K9JGVTSHDM&gtm=45je68c1v896327468za200zd896327468&_p=1786718957653&gcs=G111&gcd=13t3t3t3t5l1&npa=0&dma=0&_eu=EEAAAGQC&ae=a&are=1&cid=1987978666.1786718959&frm=0&ir=1&pscdl=noapi&rcb=6&sr=1280x720&uaa=arm&uab=64&uafvl=Not%253AA-Brand%3B99.0.0.0%7CHeadlessChrome%3B145.0.7632.6%7CChromium%3B145.0.7632.6&uam=&uamb=0&uap=macOS&uapv=26.5.1&uaw=0&ul=en-us&gaf=3&_s=3&tag_exp=115616986~115938466~115938469~118395334~118897920~118897930~119367802~119367810~119527020~120385423&sid=1786718957&sct=1&seg=1&dl=https%3A%2F%2Fmurf.ai%2Fpricing&dt=Murf.AI%20text%20to%20speech%20Pricing%20%7C%20Get%20started%20for%20free&en=scroll&ep.debug_mode=false&epn.percent_scrolled=90&tfd=2309 → pending (?ms, ?B)
[2026-08-14T14:49:19.866Z] POST https://www.google.com/g/collect?v=2&tid=G-K9JGVTSHDM&gtm=45je68c1v896327468za200zd896327468&_p=1786718957653&gcs=G111&gcd=13t3t3t3t5l1&npa=0&dma=0&_eu=EAAAAGQC&are=1&cid=1987978666.1786718959&frm=0&ir=1&pscdl=noapi&rcb=6&sr=1280x720&uaa=arm&uab=64&uafvl=Not%253AA-Brand%3B99.0.0.0%7CHeadlessChrome%3B145.0.7632.6%7CChromium%3B145.0.7632.6&uam=&uamb=0&uap=macOS&uapv=26.5.1&uaw=0&ul=en-us&gaf=3&_s=4&tag_exp=115616986~115938466~115938469~118395334~118897920~118897930~119367802~119367810~119527020~120385423&sid=1786718957&sct=1&seg=1&dl=https%3A%2F%2Fmurf.ai%2Fpricing&dt=Murf.AI%20text%20to%20speech%20Pricing%20%7C%20Get%20started%20for%20free&en=user_engagement&ep.debug_mode=false&_et=1057&tfd=2310 → pending (?ms, ?B)
[2026-08-14T14:49:19.866Z] POST https://www.google.com/g/collect?v=2&tid=G-2H3YQRTV6T&gtm=45je68d0h2v9204617388za20gzb9192180182zd9192180182&_p=1786718957653&_gaz=1&gcs=G111&gcd=13t3t3t3t5l1&npa=0&dma=0&_eu=AAAAACQC&are=1&cid=1987978666.1786718959&frm=0&ibt=1&ngs=1&pscdl=noapi&rcb=2&sr=1280x720&uaa=arm&uab=64&uafvl=Not%253AA-Brand%3B99.0.0.0%7CHeadlessChrome%3B145.0.7632.6%7CChromium%3B145.0.7632.6&uam=&uamb=0&uap=macOS&uapv=26.5.1&uaw=0&ul=en-us&_s=2&tag_exp=115616986~115938466~115938468~118897920~118897930~119367802~119367810~119527020~120385423&sid=1786718958&sct=1&seg=0&dl=https%3A%2F%2Fmurf.ai%2Fpricing&dt=Murf.AI%20text%20to%20speech%20Pricing%20%7C%20Get%20started%20for%20free&en=user_engagement&_et=1087&tfd=2304&gaf=1 → pending (?ms, ?B)
[2026-08-14T14:49:19.878Z] GET https://cdn.prod.website-files.com/66b3765153a8a0c399c70981/css/murf-ai-staging-09f502.shared.af30a8a20.min.css → 200 (65ms, 102253B)
[2026-08-14T14:49:19.878Z] GET https://ajax.googleapis.com/ajax/libs/webfont/1.6.26/webfont.js → 200 (73ms, 6058B)
[2026-08-14T14:49:19.878Z] GET https://assets.calendly.com/assets/external/widget.js → 200 (256ms, 5029B)
[2026-08-14T14:49:19.878Z] GET https://opps-widget.getwarmly.com/warmly.js?clientId=ba2b57e50c19375d5e08138c73ba580d → 200 (416ms, 3459B)
[2026-08-14T14:49:19.879Z] GET https://cdn.prod.website-files.com/66b3765153a8a0c399c70981/6a1eaf3727b634c2246d81c7_ef9ddb6bd3d0a36971de1923648f0dd0_murf-nav-logo.svg → 200 (58ms, 3292B)
[2026-08-14T14:49:19.879Z] GET https://murf.ai/public-assets/webflow/dub-tool-video-thumbnail.png → 200 (11ms, 2053851B)
[2026-08-14T14:49:19.879Z] GET https://cdn.jsdelivr.net/npm/@teamepyc/sliders@0.8.5/dist/swiper/index.css → 200 (224ms, 5389B)
[2026-08-14T14:49:19.879Z] GET https://cdn.jsdelivr.net/npm/@teamepyc/sliders@0.8.5/dist/swiper/index.js → 200 (238ms, 41408B)
[2026-08-14T14:49:19.879Z] GET https://d3e54v103j8qbb.cloudfront.net/js/jquery-3.5.1.min.dc5e7f18c8.js?site=66b3765153a8a0c399c70981 → 200 (110ms, 31166B)
[2026-08-14T14:49:19.879Z] GET https://cdn.prod.website-files.com/66b3765153a8a0c399c70981/js/murf-ai-staging-09f502.schunk.e381ae44737afe02.js → 200 (110ms, 66587B)
[2026-08-14T14:49:19.879Z] GET https://cdn.prod.website-files.com/66b3765153a8a0c399c70981/js/murf-ai-staging-09f502.2fc5529d.f11719b3e9693389.js → 200 (263ms, 162188B)
[2026-08-14T14:49:19.880Z] GET https://murf.ai/public-assets/webflow/js/prod.murflib.js → 200 (110ms, 62046B)
[2026-08-14T14:49:19.880Z] GET https://fonts.googleapis.com/css2?family=Roboto+Flex:opsz,wght@8..144,100..1000&display=swap → 200 (161ms, 828B)
[2026-08-14T14:49:19.880Z] GET https://murf.ai/public-assets/murf-mono-repo/islands/text_to_speech.js → 200 (109ms, 17637B)
[2026-08-14T14:49:19.880Z] GET https://murf.ai/public-assets/murf-mono-repo/islands/voice_changer.js → 200 (109ms, 23958B)
[2026-08-14T14:49:19.963Z] GET https://fonts.googleapis.com/css?family=Montserrat:100,100italic,200,200italic,300,300italic,400,400italic,500,500italic,600,600italic,700,700italic,800,800italic,900,900italic → 200 (45ms, 1105B)
[2026-08-14T14:49:19.987Z] GET https://cdn.prod.website-files.com/66b3765153a8a0c399c70981/6705267f3e05b2455a17de5a_Inter-SemiBold.woff2 → 200 (129ms, 112151B)
[2026-08-14T14:49:19.987Z] GET https://cdn.prod.website-files.com/66b3765153a8a0c399c70981/6705267fc3f105498ba65dea_Inter-Regular.woff2 → 200 (129ms, 109029B)
[2026-08-14T14:49:19.988Z] GET https://cdn.prod.website-files.com/66b3765153a8a0c399c70981/6a75dcc0b98cd8f9fd4b9f52_Frame%202147238464%20(2).webp → 200 (54ms, 42423B)
[2026-08-14T14:49:19.988Z] GET https://cdn.prod.website-files.com/66b3765153a8a0c399c70981/6a1eaf3727b634c2246d81b4_ff46f4eaec6915f1b852a585d6fa44f3_S-Nav-Chevron%20(1).svg → 200 (127ms, 582B)
[2026-08-14T14:49:19.988Z] GET https://cdn.prod.website-files.com/66b3765153a8a0c399c70981/6a05bb74d8271f4b1227b6f3_70a1b40d1dcd5464c2f483114132f985_Button%20%26%20Input%20Icons%20(2).svg → pending (?ms, ?B)
[2026-08-14T14:49:20.039Z] GET https://cdn.prod.website-files.com/66b3765153a8a0c399c70981/67078f617d94ff9f99b29e7c_RobotoFlex-custom.ttf → 200 (91ms, 93494B)
[2026-08-14T14:49:20.039Z] GET https://cdn.prod.website-files.com/66b3765153a8a0c399c70981/6917236ce0a7b9f8fadad451_hero%20image_desktop-p-1600.webp → 200 (174ms, 46396B)
[2026-08-14T14:49:20.039Z] GET https://cdn.prod.website-files.com/66b3765153a8a0c399c70981/678641ffbe09d646ed10c724_Background%20Graphic.svg → 200 (87ms, 3697B)
[2026-08-14T14:49:20.039Z] GET https://cdn.prod.website-files.com/66b3765153a8a0c399c70981/6765500522d3bb49576bd629_Murf%20Logos%20-%20Color%20-%20version.svg → 200 (87ms, 5676B)
[2026-08-14T14:49:20.039Z] GET https://cdn.prod.website-files.com/66bbe17b9639de563ee20c7a/6705c87247c115b237eb7e30_Property%201%3DPfizer.svg → 200 (87ms, 1770B)
[2026-08-14T14:49:20.039Z] GET https://cdn.prod.website-files.com/66bbe17b9639de563ee20c7a/6705c87e4571b6b8e0f55ae9_Property%201%3DCisco.svg → 200 (88ms, 2114B)
[2026-08-14T14:49:20.039Z] GET https://cdn.prod.website-files.com/66bbe17b9639de563ee20c7a/6705c8885d259681ac1c3ec4_Property%201%3DSplunk.svg → 200 (95ms, 2956B)
[2026-08-14T14:49:20.039Z] GET https://cdn.prod.website-files.com/66bbe17b9639de563ee20c7a/6705be6894a0a1dc9c4074ec_Property%201%3DGlencore.svg → 200 (88ms, 5578B)
[2026-08-14T14:49:20.040Z] GET https://cdn.prod.website-files.com/66bbe17b9639de563ee20c7a/6705c8a92a1b1793491ded93_Property%201%3DVmware.svg → 200 (103ms, 2639B)
[2026-08-14T14:49:20.040Z] GET https://cdn.prod.website-files.com/66bbe17b9639de563ee20c7a/6705c8bf7159c8d1184382f6_Property%201%3DHoneywell.svg → 200 (103ms, 1461B)
[2026-08-14T14:49:20.040Z] GET https://cdn.prod.website-files.com/66b3765153a8a0c399c70981/69256b886d35a1f310ab1a9b_ImageWrapper.webp → 200 (87ms, 140837B)
[2026-08-14T14:49:20.040Z] GET https://cdn.prod.website-files.com/66b3765153a8a0c399c70981/692564ed49c8185289d8e833_ImageWrapper%20(1).webp → 200 (104ms, 168318B)
[2026-08-14T14:49:20.040Z] GET https://cdn.prod.website-files.com/66b3765153a8a0c399c70981/692564ed631bda2ad960928d_ImageWrapper%20(2).webp → 200 (104ms, 136737B)
[2026-08-14T14:49:20.040Z] GET https://cdn.prod.website-files.com/66b3765153a8a0c399c70981/692564ffef18257f1245c272_Frame%201171284430.webp → 200 (104ms, 131443B)
[2026-08-14T14:49:20.040Z] GET https://cdn.prod.website-files.com/66b3765153a8a0c399c70981/692564eccb7ae24bbfeab990_ImageWrapper%20(4).webp → 200 (167ms, 114779B)
[2026-08-14T14:49:20.041Z] GET https://cdn.prod.website-files.com/66b3765153a8a0c399c70981/692564edc283c7199b2d2890_ImageWrapper%20(3).webp → 200 (166ms, 155295B)
[2026-08-14T14:49:20.041Z] GET https://cdn.prod.website-files.com/66b3765153a8a0c399c70981/66f0f8dfcbd29da618f669fd_flag-us-canada.webp → 200 (167ms, 2393B)
[2026-08-14T14:49:20.050Z] GET https://get.geojs.io/v1/ip/geo.js → 200 (175ms, 830B)
[2026-08-14T14:49:20.050Z] GET https://murf.ai/Prod/ping/geography → 200 (167ms, 667B)
[2026-08-14T14:49:20.050Z] GET https://murf.ai/public-assets/webflow/api/A-Star-Is-Born.mp4 → 206 (66ms, ?B)
[2026-08-14T14:49:20.070Z] GET https://cdn.prod.website-files.com/66b3765153a8a0c399c70981/67b70488aa1b759351878d7b_API_STATS_BG.png → 200 (138ms, 3352802B)
[2026-08-14T14:49:20.070Z] GET https://cdn.prod.website-files.com/66b3765153a8a0c399c70981/66de0db4e3961913691005db_Ellipse%202481.svg → 200 (138ms, 890B)
[2026-08-14T14:49:20.070Z] GET https://cdn.prod.website-files.com/66b3765153a8a0c399c70981/66de0d6131981ff846850ece_Group%20(3).svg → 200 (138ms, 5779B)
[2026-08-14T14:49:20.070Z] GET https://cdn.prod.website-files.com/66b3765153a8a0c399c70981/67b70f60c974ab55b56d60d0_JOIN_CARD_BG.png → 200 (139ms, 1148497B)
[2026-08-14T14:49:20.070Z] GET https://cdn.prod.website-files.com/66b3765153a8a0c399c70981/698d886397589326e05d276e_Y.svg → 200 (139ms, 845B)
[2026-08-14T14:49:20.070Z] GET https://cdn.prod.website-files.com/66b3765153a8a0c399c70981/698d886351a9d01d9060cce9_B.svg → 200 (140ms, 826B)
[2026-08-14T14:49:20.071Z] GET https://cdn.prod.website-files.com/66b3765153a8a0c399c70981/698d8863825c29a8d99bf32e_R.svg → 200 (139ms, 837B)
[2026-08-14T14:49:20.071Z] GET https://cdn.prod.website-files.com/66bbe17b9639de563ee20c7a/67bd98fcc1775a6b329b1c8c_670533d75af008850c2e80c0_English%20(American).webp → 200 (142ms, 2470B)
[2026-08-14T14:49:20.071Z] GET https://cdn.prod.website-files.com/66bbe17b9639de563ee20c7a/67bd995250f17a0ff597578b_670533f7342cb322f347163b_Spanish.webp → 200 (142ms, 1948B)
[2026-08-14T14:49:20.071Z] GET https://cdn.prod.website-files.com/66bbe17b9639de563ee20c7a/67bd99ac1aab8d2f4422d29c_6705340ad6a29d0b3a5be617_French.webp → 200 (143ms, 1411B)
[2026-08-14T14:49:20.071Z] GET https://cdn.prod.website-files.com/66bbe17b9639de563ee20c7a/67bd99f2a304940042161189_670534279fdc17a4d69a46b0_German.webp → 200 (143ms, 1283B)
[2026-08-14T14:49:20.071Z] GET https://cdn.prod.website-files.com/66bbe17b9639de563ee20c7a/67bd9aa2441b5d1f8926be80_67053417270c91442f95d435_Italian.webp → 200 (143ms, 1351B)
[2026-08-14T14:49:20.071Z] GET https://fonts.gstatic.com/s/montserrat/v31/JTUSjIg1_i6t8kCHKm459WlhyyTh89Y.woff2 → 200 (45ms, 35540B)
[2026-08-14T14:49:20.072Z] GET https://fonts.gstatic.com/s/montserrat/v31/JTUQjIg1_i6t8kCHKm459WxRyS7m0dR9pA.woff2 → 200 (44ms, 37152B)
[2026-08-14T14:49:20.135Z] GET https://murf.ai/public-assets/webflow/api/A-Star-Is-Born.mp4 → 206 (81ms, 23555B)
[2026-08-14T14:49:20.249Z] GET https://get.geojs.io/v1/ip/geo.json → 200 (88ms, 512B)
[2026-08-14T14:49:20.294Z] GET https://opps-widget.getwarmly.com/widget-BOEX6w1v.js → 200 (55ms, 112513B)
[2026-08-14T14:49:20.309Z] GET https://murf.ai/public-assets/webflow/Play.png → 200 (13ms, 1121B)
[2026-08-14T14:49:20.309Z] GET https://murf.ai/public-assets/webflow/LogoMark.png → 200 (28ms, 4872B)
[2026-08-14T14:49:20.309Z] GET https://js-na1.hs-scripts.com/24360943.js → 307 (64ms, ?B)
[2026-08-14T14:49:20.309Z] GET https://www.googletagmanager.com/gtag/js?id=G-K9JGVTSHDM → 200 (1ms, -522B)
[2026-08-14T14:49:20.310Z] GET https://app.factors.ai/assets/factors.js → 200 (?ms, -606B)
[2026-08-14T14:49:20.310Z] GET https://www.clarity.ms/tag/mtqhkqv49j → 200 (139ms, 707B)
[2026-08-14T14:49:20.311Z] GET https://www.googletagmanager.com/gtm.js?id=GTM-PQCX387J → 200 (?ms, -632B)
[2026-08-14T14:49:20.311Z] GET https://www.googletagmanager.com/ns.html?id=GTM-PQCX387J → 200 (36ms, 186B)
[2026-08-14T14:49:20.311Z] GET https://snap.licdn.com/li.lms-analytics/insight.min.js → 200 (?ms, -463B)
[2026-08-14T14:49:20.311Z] GET https://tracking.g2crowd.com/attribution_tracking/conversions/1007244.js?p=https://murf.ai/api&e= → 200 (137ms, 2563B)
[2026-08-14T14:49:20.322Z] GET https://fonts.gstatic.com/s/robotoflex/v30/NaNNepOXO_NexZs0b5QrzlOHb8wCikXpYqmZsWI-__OGbt8jZktqc2V3Zs0KvDLdBP8SBZtOs2IifRuUZQMsPJtUsR4DEK6cULNeUx9XgTnH37Ha_FIAp4Fm0PP1hw45DntW2x0wZGzhPmr1YNMYKYn9_1IQXGwJAiUJVUMdN5YUW4O8HtSoXjC79QRyaLshNDUf3e0O-gn5rrZCu20YNau4OPFu02G5.woff2 → 200 (19ms, 84611B)
[2026-08-14T14:49:20.337Z] GET https://murf.ai/public-assets/webflow/api/Spanish.mp4 → 206 (23ms, 701257B)
[2026-08-14T14:49:20.337Z] GET https://murf.ai/public-assets/webflow/api/French.mp4 → 206 (23ms, 701257B)
[2026-08-14T14:49:20.338Z] GET https://murf.ai/public-assets/webflow/api/German.mp4 → 206 (34ms, 701236B)
[2026-08-14T14:49:20.338Z] GET https://murf.ai/public-assets/webflow/api/Italian.mp4 → 206 (33ms, 701246B)
[2026-08-14T14:49:20.338Z] GET https://murf.ai/api → 200 (35ms, 281837B)
[2026-08-14T14:49:20.338Z] GET https://murf.ai/public-assets/webflow/api/AI-Conversational.mp3 → pending (?ms, ?B)
[2026-08-14T14:49:20.347Z] GET https://murf.ai/public-assets/webflow/api/voice-changer-ruby-input.mp3 → 200 (50ms, 480111B)
[2026-08-14T14:49:20.347Z] GET https://murf.ai/public-assets/webflow/voice-audio/Ruby_Cookies_Amara.wav → 200 (27ms, 1207970B)
[2026-08-14T14:49:20.353Z] GET https://murf.ai/public-assets/webflow/api/AI-Conversational.mp3 → 206 (25ms, ?B)
[2026-08-14T14:49:20.354Z] GET https://bat.bing.com/action/0?ti=97150261&Ver=2 → pending (?ms, ?B)
[2026-08-14T14:49:20.354Z] GET https://opps-widget.getwarmly.com/rolldown-runtime-DAXXjFlN.js → 200 (24ms, 1492B)
[2026-08-14T14:49:20.355Z] GET https://opps-widget.getwarmly.com/src-icZD2xn5.js → 200 (32ms, 3788B)
[2026-08-14T14:49:20.355Z] GET https://opps-widget.getwarmly.com/mui-theme-BlwwWWeB.js → 200 (45ms, 34771B)
[2026-08-14T14:49:20.355Z] GET https://opps-widget.getwarmly.com/mobx.esm-BmE12BWd.js → 200 (43ms, 15627B)
[2026-08-14T14:49:20.356Z] GET https://opps-widget.getwarmly.com/useScreenSize-DKmdoQay.js → 200 (42ms, 1349B)
[2026-08-14T14:49:20.373Z] GET https://js-na2.hs-scripts.com/24360943.js → 200 (74ms, 45B)
[2026-08-14T14:49:20.378Z] POST https://api.factors.ai/sdk/get_info → 200 (89ms, 363B)
[2026-08-14T14:49:20.393Z] GET https://www.googletagmanager.com/gtag/js?id=G-2H3YQRTV6T&cx=c&gtm=4e68d0h2 → 200 (?ms, -586B)
[2026-08-14T14:49:20.395Z] GET https://static.ads-twitter.com/uwt.js → 304 (53ms, 68B)
[2026-08-14T14:49:20.396Z] GET https://bat.bing.com/bat.js → 200 (?ms, -723B)
[2026-08-14T14:49:20.447Z] POST https://opps-api.getwarmly.com/api/sessions/trpc/sessions.createSession → pending (?ms, ?B)
[2026-08-14T14:49:20.449Z] GET https://snap.licdn.com/li.lms-analytics/insight.old.min.js → 200 (?ms, -410B)
[2026-08-14T14:49:20.473Z] GET blob:https://murf.ai/337f7dcb-534c-4f48-ad38-cad465c65d7d → 206 (5ms, ?B)
[2026-08-14T14:49:20.475Z] POST https://api.factors.ai/sdk/event/track → pending (?ms, ?B)
[2026-08-14T14:49:20.475Z] POST https://api.factors.ai/sdk/user/add_properties → pending (?ms, ?B)
[2026-08-14T14:49:20.476Z] POST https://api.factors.ai/sdk/user/add_properties → pending (?ms, ?B)
[2026-08-14T14:49:20.476Z] POST https://api.factors.ai/sdk/user/add_properties → pending (?ms, ?B)
[2026-08-14T14:49:20.476Z] POST https://api.factors.ai/sdk/user/add_properties → pending (?ms, ?B)
[2026-08-14T14:49:20.478Z] GET https://bat.bing.com/p/action/97150261.js → 200 (?ms, -617B)
[2026-08-14T14:49:20.479Z] GET blob:https://murf.ai/3ec038bb-7527-45c1-bac1-98a47e167703 → 206 (57ms, ?B)
[2026-08-14T14:49:20.541Z] GET https://js-na2.usemessages.com/conversations-embed.js → 200 (1ms, -1148B)
[2026-08-14T14:49:20.543Z] GET https://js-na2.hscollectedforms.net/collectedforms.js → 200 (1ms, -1332B)
[2026-08-14T14:49:20.544Z] GET https://js-na2.hs-banner.com/v2/24360943/banner.js → 200 (1ms, -1698B)
[2026-08-14T14:49:20.545Z] GET https://js-na2.hsadspixel.net/pixels.js → 200 (1ms, -1169B)
[2026-08-14T14:49:20.546Z] GET https://js-na2.hs-analytics.net/analytics/1786712400000/24360943.js → 200 (?ms, -651B)
[2026-08-14T14:49:20.547Z] POST https://tracking-api.g2.com/attribution_tracking/conversions/assign → pending (?ms, ?B)
[2026-08-14T14:49:20.547Z] GET https://t.co/1/i/adsct?bci=4&dv=America%2FToronto%26en-US%26Google%20Inc.%26MacIntel%26127%261280%26720%268%2624%261280%26720%260%26na&eci=4&event=%7B%7D&event_id=9c99e6db-376f-4a63-afd4-4effbfa15bbf&integration=gtm&p_id=Twitter&p_user_id=0&pl_id=c79e28fe-0749-4e92-abc9-784b82c93316&pt=The%20Most%20Powerful%20AI%20Voice%20API%20Suite%20%7C%20Murf%20AI&tw_document_href=https%3A%2F%2Fmurf.ai%2Fapi&tw_iframe_status=0&tw_pid_src=2&twpid=tw.1786718958087.671957167452586386&txn_id=tw-og12i-r7w97&type=javascript&version=2.4.1 → pending (?ms, ?B)
[2026-08-14T14:49:20.547Z] GET https://analytics.twitter.com/1/i/adsct?bci=4&dv=America%2FToronto%26en-US%26Google%20Inc.%26MacIntel%26127%261280%26720%268%2624%261280%26720%260%26na&eci=4&event=%7B%7D&event_id=9c99e6db-376f-4a63-afd4-4effbfa15bbf&integration=gtm&p_id=Twitter&p_user_id=0&pl_id=c79e28fe-0749-4e92-abc9-784b82c93316&pt=The%20Most%20Powerful%20AI%20Voice%20API%20Suite%20%7C%20Murf%20AI&tw_document_href=https%3A%2F%2Fmurf.ai%2Fapi&tw_iframe_status=0&tw_pid_src=2&twpid=tw.1786718958087.671957167452586386&txn_id=tw-og12i-r7w97&type=javascript&version=2.4.1 → pending (?ms, ?B)
[2026-08-14T14:49:20.547Z] GET https://t.co/1/i/adsct?bci=4&dv=America%2FToronto%26en-US%26Google%20Inc.%26MacIntel%26127%261280%26720%268%2624%261280%26720%260%26na&eci=3&event=%7B%7D&event_id=c62dd995-d9f1-4105-9211-e1e7e6882308&integration=gtm&p_id=Twitter&p_user_id=0&pl_id=c79e28fe-0749-4e92-abc9-784b82c93316&pt=The%20Most%20Powerful%20AI%20Voice%20API%20Suite%20%7C%20Murf%20AI&tw_document_href=https%3A%2F%2Fmurf.ai%2Fapi&tw_iframe_status=0&tw_pid_src=2&twpid=tw.1786718958087.671957167452586386&txn_id=og12i&type=javascript&version=2.4.1 → pending (?ms, ?B)
[2026-08-14T14:49:20.547Z] GET https://analytics.twitter.com/1/i/adsct?bci=4&dv=America%2FToronto%26en-US%26Google%20Inc.%26MacIntel%26127%261280%26720%268%2624%261280%26720%260%26na&eci=3&event=%7B%7D&event_id=c62dd995-d9f1-4105-9211-e1e7e6882308&integration=gtm&p_id=Twitter&p_user_id=0&pl_id=c79e28fe-0749-4e92-abc9-784b82c93316&pt=The%20Most%20Powerful%20AI%20Voice%20API%20Suite%20%7C%20Murf%20AI&tw_document_href=https%3A%2F%2Fmurf.ai%2Fapi&tw_iframe_status=0&tw_pid_src=2&twpid=tw.1786718958087.671957167452586386&txn_id=og12i&type=javascript&version=2.4.1 → pending (?ms, ?B)
[2026-08-14T14:49:20.547Z] GET https://scripts.clarity.ms/0.8.69/clarity.js → pending (?ms, ?B)
[2026-08-14T14:49:20.548Z] GET https://px.ads.linkedin.com/attribution_trigger?pid=4771596&time=1786718960546&url=https%3A%2F%2Fmurf.ai%2Fapi → pending (?ms, ?B)
[2026-08-14T14:49:20.548Z] GET https://px.ads.linkedin.com/collect?v=2&fmt=js&pid=4771596&time=1786718960546&li_adsId=b27c26fa-3ccd-4c5d-a46b-8d3d97b1123f&url=https%3A%2F%2Fmurf.ai%2Fapi → pending (?ms, ?B)
[2026-08-14T14:49:20.551Z] GET https://bat.bing.com/p/insights/t/97150261 → pending (?ms, ?B)
[2026-08-14T14:49:20.551Z] GET https://bat.bing.com/action/0?ti=97150261&tm=gtm002&Ver=2&mid=da693698-af79-419d-9504-89181161aa0d&bo=1&sid=5397ac8097ef11f1a59081f4ab97e71f&vid=5397b66097ef11f198403ffdc6b31fdd&vids=0&msclkid=N&gtm_tag_source=1&pi=0&lg=en-US&sw=1280&sh=720&sc=24&tl=The%20Most%20Powerful%20AI%20Voice%20API%20Suite%20%7C%20Murf%20AI&p=https%3A%2F%2Fmurf.ai%2Fapi&r=&lt=491&evt=pageLoad&sv=2&cdb=AQAS&rn=638097 → pending (?ms, ?B)
[2026-08-14T14:49:20.553Z] GET https://api-na2.hubspot.com/livechat-public/v1/message/public?portalId=24360943&conversations-embed=static-1.27944&mobile=false&messagesUtk=0922f158a2f449789ee3a36ccce52453&traceId=0922f158a2f449789ee3a36ccce52453&hubspotUtk=b2c9723c3c50778c42b70f1ec1989927&__hstc=11635051.b2c9723c3c50778c42b70f1ec1989927.1786718958233.1786718958233.1786718958233.1&__hssc=11635051.1.1786718958233 → pending (?ms, ?B)
[2026-08-14T14:49:20.561Z] GET https://forms-na2.hscollectedforms.net/collected-forms/v1/config/json?portalId=24360943&utk=b2c9723c3c50778c42b70f1ec1989927 → pending (?ms, ?B)
[2026-08-14T14:49:20.564Z] GET https://js-na2.hs-banner.com/v2/cf-location → pending (?ms, ?B)
[2026-08-14T14:49:20.675Z] GET https://bat.bing.com/p/insights/s/0.8.69 → 200 (1ms, -869B)
[2026-08-14T14:49:20.759Z] GET https://api-na2.hubapi.com/hs-script-loader-public/v2/config/pixels-and-events/json?portalId=24360943 → 200 (41ms, 775B)
[2026-08-14T14:49:20.759Z] GET https://forms-na2.hsforms.com/embed/v3/counters.gif?key=collected-forms-embed-js-form-bind&count=1 → 200 (91ms, 35B)
[2026-08-14T14:49:20.764Z] POST https://px.ads.linkedin.com/wa/?medium=fetch&fmt=g → 204 (87ms, ?B)
[2026-08-14T14:49:20.778Z] POST https://bat.bing.com/p/insights/c/n → 204 (73ms, 278B)
[2026-08-14T14:49:20.856Z] GET https://c.clarity.ms/c.gif → 302 (163ms, ?B)
[2026-08-14T14:49:20.856Z] GET https://connect.facebook.net/en_US/fbevents.js → 200 (1ms, -5374B)
[2026-08-14T14:49:20.857Z] GET https://track-na2.hubspot.com/__ptq.gif?k=1&sd=1280x720&cd=24-bit&cs=UTF-8&ln=en-us&bfp=774e95b7b839260e725956aff7d29dd2&v=1.1&a=24360943&rcu=https%3A%2F%2Fmurf.ai%2Fapi&pu=https%3A%2F%2Fmurf.ai%2Fapi&t=The+Most+Powerful+AI+Voice+API+Suite+%7C+Murf+AI&cts=1786718960855&vi=b2c9723c3c50778c42b70f1ec1989927&nc=false&u=11635051.b2c9723c3c50778c42b70f1ec1989927.1786718958233.1786718958233.1786718958233.1&b=11635051.2.1786718958233&cc=15 → 200 (135ms, 564B)
[2026-08-14T14:49:20.895Z] GET https://connect.facebook.net/signals/config/3532335366908695?v=2.9.377&r=stable&domain=murf.ai&hme=54e1ff78c67c58505a168f4db6b2d95d2daeace7ee6b53e01d6f2396e8523fa0&ex_m=113%2C218%2C164%2C25%2C78%2C79%2C156%2C74%2C73%2C11%2C174%2C98%2C19%2C148%2C136%2C43%2C81%2C86%2C144%2C169%2C176%2C29%2C17%2C30%2C31%2C32%2C34%2C52%2C157%2C83%2C121%2C21%2C23%2C48%2C44%2C46%2C45%2C91%2C100%2C104%2C119%2C155%2C158%2C50%2C120%2C27%2C24%2C128%2C75%2C40%2C160%2C159%2C161%2C152%2C150%2C28%2C39%2C63%2C118%2C171%2C76%2C20%2C123%2C89%2C72%2C22%2C93%2C94%2C125%2C92%2C146%2C145%2C149%2C105%2C170%2C173%2C38%2C53%2C122%2C51%2C8%2C4%2C5%2C7%2C6%2C3%2C99%2C110%2C177%2C185%2C232%2C80%2C245%2C244%2C243%2C14%2C26%2C37%2C59%2C112%2C65%2C10%2C69%2C106%2C107%2C108%2C114%2C139%2C35%2C33%2C141%2C142%2C143%2C138%2C137%2C165%2C82%2C168%2C166%2C167%2C54%2C64%2C132%2C18%2C172%2C49%2C290%2C291%2C289%2C304%2C323%2C225%2C214%2C66%2C215%2C213%2C326%2C317%2C56%2C226%2C116%2C140%2C88%2C130%2C58%2C129%2C135%2C134%2C62%2C70%2C68%2C162%2C84%2C85%2C124%2C41%2C36%2C57%2C60%2C109%2C175%2C1%2C133%2C16%2C131%2C12%2C2%2C61%2C101%2C15%2C71%2C67%2C127%2C97%2C96%2C178%2C179%2C102%2C103%2C9%2C111%2C55%2C153%2C95%2C87%2C77%2C126%2C115%2C47%2C154%2C0%2C90%2C147%2C151%2C163%2C42%2C117%2C13%2C180 → 200 (1ms, -5352B)
[2026-08-14T14:49:20.920Z] POST https://t.clarity.ms/collect → 204 (99ms, ?B)
[2026-08-14T14:49:20.936Z] GET https://app-na2.hubspot.com/conversations-visitor/24360943/threads/utk/0922f158a2f449789ee3a36ccce52453?uuid=195a69e31d034d678df79a1858860dd2&mobile=false&mobileSafari=false&hideWelcomeMessage=false&hstc=11635051.b2c9723c3c50778c42b70f1ec1989927.1786718958233.1786718958233.1786718958233.1&domain=murf.ai&inApp53=false&messagesUtk=0922f158a2f449789ee3a36ccce52453&url=https%3A%2F%2Fmurf.ai%2Fapi&inline=false&isFullscreen=false&globalCookieOptOut=&isFirstVisitorSession=false&isAttachmentDisabled=false&isInitialInputFocusDisabled=false&enableWidgetCookieBanner=false&isInCMS=false&hideScrollToButton=true&isIOSMobile=false&hubspotUtk=b2c9723c3c50778c42b70f1ec1989927 → 200 (112ms, 20897B)
[2026-08-14T14:49:20.991Z] GET https://googleads.g.doubleclick.net/pagead/viewthroughconversion/350723826/?random=1786718960369&cv=11&fst=1786718960369&bg=ffffff&guid=ON&async=1&en=gtag.config&gtm=45je68c1v896327468za200zd896327468xec&gcd=13t3t3t3t5l1&dma=0&tag_exp=115616986~115938466~115938469~118897920~118897930~119367802~119367810~119527020~120385422&u_w=1280&u_h=720&url=https%3A%2F%2Fmurf.ai%2Fapi&rcb=11&_dbg=0&frm=0&tiba=The%20Most%20Powerful%20AI%20Voice%20API%20Suite%20%7C%20Murf%20AI&hn=www.googleadservices.com&npa=0&pscdl=noapi&auid=35002087.1786718959&uaa=arm&uab=64&uafvl=Not%253AA-Brand%3B99.0.0.0%7CHeadlessChrome%3B145.0.7632.6%7CChromium%3B145.0.7632.6&uamb=0&uam=&uap=macOS&uapv=26.5.1&uaw=0&data=event%3Dgtag.config&ept=9&rfmt=3&fmt=4 → 200 (44ms, 2968B)
[2026-08-14T14:49:20.991Z] POST https://www.google.com/rmkt/collect/350723826/?random=1786718960369&cv=11&fst=1786718960369&fmt=8&bg=ffffff&guid=ON&async=1&en=gtag.config&gtm=45je68c1v896327468za200zd896327468xec&gcd=13t3t3t3t5l1&dma=0&tag_exp=115616986~115938466~115938469~118897920~118897930~119367802~119367810~119527020~120385422&u_w=1280&u_h=720&url=https%3A%2F%2Fmurf.ai%2Fapi&rcb=11&_dbg=0&frm=0&tiba=The%20Most%20Powerful%20AI%20Voice%20API%20Suite%20%7C%20Murf%20AI&hn=www.googleadservices.com&npa=0&pscdl=noapi&auid=35002087.1786718959&uaa=arm&uab=64&uafvl=Not%253AA-Brand%3B99.0.0.0%7CHeadlessChrome%3B145.0.7632.6%7CChromium%3B145.0.7632.6&uamb=0&uam=&uap=macOS&uapv=26.5.1&uaw=0&data=event%3Dgtag.config&ept=68&gcp=5 → 200 (41ms, ?B)
[2026-08-14T14:49:20.991Z] POST https://www.google.com/ccm/collect?rcb=11&frm=0&apvc=1&auid=35002087.1786718959&dt=The%20Most%20Powerful%20AI%20Voice%20API%20Suite%20%7C%20Murf%20AI&tid=AW-350723826&en=page_view&dl=https%3A%2F%2Fmurf.ai%2Fapi&scrsrc=www.googletagmanager.com&rnd=224716925.1786718961&navt=n&npa=0&ep.debug_mode=0&gtm=45je68c1v896327468za200zd896327468xec&gcs=G111&gcd=13t3t3t3t5l1&dma=0&tag_exp=115616986~115938466~115938469~118897920~118897930~119367802~119367810~119527020~120385422&tft=1786718960987&tfd=1168&tids=AW-350723826&fmt=8 → 200 (45ms, ?B)
[2026-08-14T14:49:20.992Z] POST https://analytics.google.com/g/collect?v=2&tid=G-K9JGVTSHDM&gtm=45je68c1v896327468za200zd896327468&_p=1786718960308&gcs=G111&gcd=13t3t3t3t5l1&npa=0&dma=0&_eu=EgAAAGQC&are=1&cid=1987978666.1786718959&frm=0&ir=1&pscdl=noapi&rcb=11&sr=1280x720&uaa=arm&uab=64&uafvl=Not%253AA-Brand%3B99.0.0.0%7CHeadlessChrome%3B145.0.7632.6%7CChromium%3B145.0.7632.6&uam=&uamb=0&uap=macOS&uapv=26.5.1&uaw=0&ul=en-us&gaf=2&_s=1&tag_exp=115616986~115938466~115938469~118897920~118897930~119367802~119367810~119527020~120385422&sid=1786718957&sct=1&seg=1&dl=https%3A%2F%2Fmurf.ai%2Fapi&dt=The%20Most%20Powerful%20AI%20Voice%20API%20Suite%20%7C%20Murf%20AI&en=page_view&_ee=1&ep.debug_mode=false&tfd=1170 → 204 (39ms, ?B)
[2026-08-14T14:49:20.992Z] POST https://www.google.com/ccm/collect?rcb=16&frm=0&apvc=0&ae=g&auid=35002087.1786718959&dt=The%20Most%20Powerful%20AI%20Voice%20API%20Suite%20%7C%20Murf%20AI&en=page_view&dl=https%3A%2F%2Fmurf.ai%2Fapi&scrsrc=www.googletagmanager.com&rnd=224716925.1786718961&navt=n&npa=0&ep.ads_data_redaction=0&gtm=45He68d0h2v9192180182za200zd9192180182xea&gcs=G111&gcd=13t3t3t3t5l1&dma=0&tag_exp=115616986~115938466~115938469~118395333~118897920~118897930~119527019~120125304~120385422&tft=1786718960989&tfd=1170&fmt=8 → 200 (44ms, ?B)
[2026-08-14T14:49:20.993Z] POST https://tracking-api.g2.com/attribution_tracking/conversions/assign → 200 (159ms, -17B)
[2026-08-14T14:49:21.019Z] GET https://c.bing.com/c.gif?ctsa=mr&CtsSyncId=E43477165CBA4664A9A889CA76217A4D&RedC=c.clarity.ms&MXFR=0281A70F222963DF2418B0BA26296DBC → 302 (133ms, ?B)
[2026-08-14T14:49:21.036Z] GET https://www.google.com/pagead/1p-user-list/350723826/?random=1786718960369&cv=11&fst=1786716000000&bg=ffffff&guid=ON&async=1&en=gtag.config&gtm=45je68c1v896327468za200zd896327468xec&gcd=13t3t3t3t5l1&dma=0&tag_exp=115616986~115938466~115938469~118897920~118897930~119367802~119367810~119527020~120385422&u_w=1280&u_h=720&url=https%3A%2F%2Fmurf.ai%2Fapi&rcb=11&_dbg=0&frm=0&tiba=The%20Most%20Powerful%20AI%20Voice%20API%20Suite%20%7C%20Murf%20AI&hn=www.googleadservices.com&npa=0&pscdl=noapi&auid=35002087.1786718959&uaa=arm&uab=64&uafvl=Not%253AA-Brand%3B99.0.0.0%7CHeadlessChrome%3B145.0.7632.6%7CChromium%3B145.0.7632.6&uamb=0&uam=&uap=macOS&uapv=26.5.1&uaw=0&data=event%3Dgtag.config&ept=9&rfmt=3&fmt=3&is_vtc=1&cid=CAQS4QEAEQoqgc7N0MEOnQp7LvLHMLKYkKRju1Z8iyka0d-2z9nCH3lkFS8VC_bHMGPAOOdWbOUDRQuXB7zMeFcsDy0X1LvtLB3BZRhKI6wy4H7KWe0S-BBj8F8HwXDuFeYHeMR28mNZHtPnPPelLsdu4evaFbNvh6pZvocEtpYX5_h7dQ8UgXz8fYgRccOL03m0HZgzUqVzvStypb4vJ3E5sYEc-fefGbBoiDc4gsxOWxXIaltlIo0k2fmPC4JIJiamLyqb2LUEJocVY5ZAlz4efeYSo1mp_TA9l8ayPeR1dH4ahPA&random=1571708224&rmt_tld=0&ipr=y → 200 (117ms, 64B)
[2026-08-14T14:49:21.036Z] GET https://www.google.ca/pagead/1p-user-list/350723826/?random=1786718960369&cv=11&fst=1786716000000&bg=ffffff&guid=ON&async=1&en=gtag.config&gtm=45je68c1v896327468za200zd896327468xec&gcd=13t3t3t3t5l1&dma=0&tag_exp=115616986~115938466~115938469~118897920~118897930~119367802~119367810~119527020~120385422&u_w=1280&u_h=720&url=https%3A%2F%2Fmurf.ai%2Fapi&rcb=11&_dbg=0&frm=0&tiba=The%20Most%20Powerful%20AI%20Voice%20API%20Suite%20%7C%20Murf%20AI&hn=www.googleadservices.com&npa=0&pscdl=noapi&auid=35002087.1786718959&uaa=arm&uab=64&uafvl=Not%253AA-Brand%3B99.0.0.0%7CHeadlessChrome%3B145.0.7632.6%7CChromium%3B145.0.7632.6&uamb=0&uam=&uap=macOS&uapv=26.5.1&uaw=0&data=event%3Dgtag.config&ept=9&rfmt=3&fmt=3&is_vtc=1&cid=CAQS4QEAEQoqgc7N0MEOnQp7LvLHMLKYkKRju1Z8iyka0d-2z9nCH3lkFS8VC_bHMGPAOOdWbOUDRQuXB7zMeFcsDy0X1LvtLB3BZRhKI6wy4H7KWe0S-BBj8F8HwXDuFeYHeMR28mNZHtPnPPelLsdu4evaFbNvh6pZvocEtpYX5_h7dQ8UgXz8fYgRccOL03m0HZgzUqVzvStypb4vJ3E5sYEc-fefGbBoiDc4gsxOWxXIaltlIo0k2fmPC4JIJiamLyqb2LUEJocVY5ZAlz4efeYSo1mp_TA9l8ayPeR1dH4ahPA&random=1571708224&rmt_tld=1&ipr=y → 200 (117ms, 64B)
[2026-08-14T14:49:21.051Z] GET https://static.hsappstatic.net/trellis-theming-assets/ex/live/hubspot-theme.stable.css → 200 (3ms, -1193B)
[2026-08-14T14:49:21.051Z] GET https://static.hsappstatic.net/trellis-theming-assets/ex/live/hubspot-theme.stable.js → 200 (6ms, -1201B)
[2026-08-14T14:49:21.052Z] GET https://static.hsappstatic.net/head-dlb/static-1.5007/bundle.production.js → 200 (5ms, -1315B)
[2026-08-14T14:49:21.052Z] GET https://static.hsappstatic.net/conversations-visitor-ui/static-1.30374/sass/visitor.css → 200 (5ms, -1295B)
[2026-08-14T14:49:21.052Z] GET https://static.hsappstatic.net/hubspot-dlb/static-2.1882/bundle.production.js → 200 (15ms, -1313B)
[2026-08-14T14:49:21.052Z] GET https://static.hsappstatic.net/react-dlb/static-1.85/bundle.production.js → 200 (16ms, -1314B)
[2026-08-14T14:49:21.052Z] GET https://static.hsappstatic.net/conversations-visitor-ui/static-1.30387/bundles/visitor.js → 200 (20ms, -1309B)
[2026-08-14T14:49:21.082Z] GET https://static.hsappstatic.net/conversations-visitor-ui/static-1.30374/i18n-data-data-modern-locales-en-us.js → 200 (?ms, -1380B)
[2026-08-14T14:49:21.083Z] GET https://static.hsappstatic.net/conversations-visitor-ui/static-1.9449/audio/notification.mp3 → 206 (3ms, -1239B)
[2026-08-14T14:49:21.088Z] GET https://static.hsappstatic.net/whisper-core/ex/whisper-core.js → 200 (?ms, -1286B)
[2026-08-14T14:49:21.098Z] POST https://exceptions-na2.hubspot.com/frontend/observability/page-tracking/store/?sentry_version=7&sentry_client=raven-js%2F3.19.1&deployable=conversations-visitor-ui → 200 (136ms, 1358B)
[2026-08-14T14:49:21.101Z] POST https://app-na2.hubspot.com/api/cartographer/v1/rhumb?hs_static_app=conversations-visitor-ui&hs_static_app_version=1.30387 → 204 (144ms, 1943B)
[2026-08-14T14:49:21.101Z] GET https://app-na2.hubspot.com/api/livechat-public/v1/feedback/survey/CSAT/2?hs_static_app=conversations-visitor-ui&hs_static_app_version=1.30387&conversations-visitor-ui=static-1.30387&traceId=0922f158a2f449789ee3a36ccce52453&sessionId=ANP4AQnrcK4emyOvK41T5XNV7RIUtZOAGbnzISNQCuzHXMWwR_6jUYulF6HroRr8ze8YftXe1MZn16-m15xxHpF2k9XEV1mcwuZyRz_72w01RPnWsd_x-aOqO9CdFXcEcFZ7_ibnPHairlCDU1kJYuy5C3CDsyKTxufkDkOiGpFAkhu5me-Urg4 → 200 (145ms, 624B)
[2026-08-14T14:49:21.101Z] GET https://app-na2.hubspot.com/api/livechat-public/v1/thread/visitor/recent?hs_static_app=conversations-visitor-ui&hs_static_app_version=1.30387&conversations-visitor-ui=static-1.30387&traceId=0922f158a2f449789ee3a36ccce52453&sessionId=ANP4AQnrcK4emyOvK41T5XNV7RIUtZOAGbnzISNQCuzHXMWwR_6jUYulF6HroRr8ze8YftXe1MZn16-m15xxHpF2k9XEV1mcwuZyRz_72w01RPnWsd_x-aOqO9CdFXcEcFZ7_ibnPHairlCDU1kJYuy5C3CDsyKTxufkDkOiGpFAkhu5me-Urg4 → 200 (139ms, 663B)
[2026-08-14T14:49:21.102Z] GET https://static.hsappstatic.net/whisper-core/static-1.10104/whisper-core-entry.js → 200 (?ms, -1383B)
[2026-08-14T14:49:21.124Z] POST https://t.clarity.ms/collect → 204 (102ms, ?B)
[2026-08-14T14:49:21.152Z] GET https://c.clarity.ms/c.gif?ctsa=mr&CtsSyncId=E43477165CBA4664A9A889CA76217A4D&MUID=36B17AD8719D634239CE6D6D70706277 → 200 (56ms, 720B)
[2026-08-14T14:49:22.471Z] GET https://cdn.prod.website-files.com/66b3765153a8a0c399c70981/691ac4757b17b96531de4803_Section.webp → 200 (25ms, 293045B)
[2026-08-14T14:49:22.471Z] GET https://cdn.prod.website-files.com/66b3765153a8a0c399c70981/67b716a23fcc737eb9270a7a_multinative%20icon.png → 200 (46ms, 8518B)
[2026-08-14T14:49:22.471Z] GET https://cdn.prod.website-files.com/66b3765153a8a0c399c70981/67b828122869a2c4de5dd2b4_voice%20styles.png → 200 (46ms, 10445B)
[2026-08-14T14:49:22.471Z] GET https://cdn.prod.website-files.com/66b3765153a8a0c399c70981/67b8282105886fd350aec702_audio%20duration%20control.png → 200 (47ms, 8262B)
[2026-08-14T14:49:22.471Z] GET https://cdn.prod.website-files.com/66b3765153a8a0c399c70981/67b82831a4512482b560f4f6_variations.png → 200 (47ms, 7488B)
[2026-08-14T14:49:22.471Z] GET https://cdn.prod.website-files.com/66b3765153a8a0c399c70981/67b8283bf39948a1ffeafcf3_pronunciation.png → 200 (52ms, 10134B)
[2026-08-14T14:49:22.471Z] GET https://cdn.prod.website-files.com/66b3765153a8a0c399c70981/66bd3e6f4557122fa6970d4d_Group%201171282884.svg → 200 (54ms, 18103B)
[2026-08-14T14:49:22.472Z] GET https://cdn.prod.website-files.com/66b3765153a8a0c399c70981/66ff8e11e40cafd1f09b6da8_ISO.svg → 200 (46ms, 60993B)
[2026-08-14T14:49:22.472Z] GET https://cdn.prod.website-files.com/66b3765153a8a0c399c70981/66bd3e6f230373bc8810d271_Group%201171282885.svg → 200 (45ms, 1885B)
[2026-08-14T14:49:22.472Z] GET https://cdn.prod.website-files.com/66b3765153a8a0c399c70981/68789aebb0386d4dc14f181e_Group%201171282886.webp → 200 (46ms, 8152B)
[2026-08-14T14:49:22.473Z] GET https://cdn.prod.website-files.com/66b3765153a8a0c399c70981/67b8329c928bc2daa0c2d232_Frame%201171283867.png → 200 (54ms, 10351B)
[2026-08-14T14:49:22.473Z] GET https://cdn.prod.website-files.com/66b3765153a8a0c399c70981/67b832f1636b3493d42060db_Frame%201171283866.png → 200 (54ms, 8707B)
[2026-08-14T14:49:22.473Z] GET https://cdn.prod.website-files.com/66b3765153a8a0c399c70981/67c57438dc241000070ab879_Translation%20API.webp → 200 (50ms, 235657B)
[2026-08-14T14:49:22.473Z] GET https://cdn.prod.website-files.com/66b3765153a8a0c399c70981/67c574737a9e639f90e472e9_Voice%20Isolator%20API.webp → 200 (57ms, 217054B)
[2026-08-14T14:49:22.473Z] GET https://cdn.prod.website-files.com/66b3765153a8a0c399c70981/67878b5ddddf7b7a027772ef_Background.svg → 200 (57ms, 1316B)
[2026-08-14T14:49:22.473Z] GET https://cdn.prod.website-files.com/66b3765153a8a0c399c70981/66cdd9a2dd08bd711fc5ded9_Union.svg → 200 (11ms, 1859B)
[2026-08-14T14:49:22.474Z] GET https://cdn.prod.website-files.com/66bbe17b9639de563ee20c7a/67065824c2535658788e13af_Leader.svg → 200 (56ms, 13597B)
[2026-08-14T14:49:22.474Z] GET https://cdn.prod.website-files.com/66bbe17b9639de563ee20c7a/670657e14f914e48fc3d2542_Leader%20-%202024.svg → 200 (64ms, 17907B)
[2026-08-14T14:49:22.474Z] GET https://cdn.prod.website-files.com/66bbe17b9639de563ee20c7a/670657bb6d2f038c8ad13c6a_Momentum%20Leader%20-%20Fall.svg → 200 (67ms, 16573B)
[2026-08-14T14:49:22.474Z] GET https://cdn.prod.website-files.com/66bbe17b9639de563ee20c7a/670657951459c63696b126e3_Momentum%20Leader.svg → 200 (58ms, 16424B)
[2026-08-14T14:49:22.474Z] GET https://cdn.prod.website-files.com/66bbe17b9639de563ee20c7a/670657797f0a09ac3742f33b_Best%20Relationship%20-%20Fall.svg → 200 (53ms, 16157B)
[2026-08-14T14:49:22.474Z] GET https://cdn.prod.website-files.com/66bbe17b9639de563ee20c7a/6705f7fb380b13a95c99ee51_Fastest%20growing%20Products.svg → 200 (66ms, 27917B)
[2026-08-14T14:49:22.479Z] GET https://cdn.prod.website-files.com/66bbe17b9639de563ee20c7a/66c5f7de072747ba563ac4b6_65c4aa3bf27985c8d72b44a6_G2-Winter-2023-7.svg → 200 (9ms, 17227B)
[2026-08-14T14:49:22.479Z] GET https://cdn.prod.website-files.com/66bbe17b9639de563ee20c7a/66c5f7ddca0def0b0664a01e_65f963d2f4ee937ae071a3df_G2-Winter-2023-3.webp → 200 (9ms, 10394B)
[2026-08-14T14:49:22.479Z] GET https://cdn.prod.website-files.com/66bbe17b9639de563ee20c7a/66c5f7ddb7478d2549d30739_65f96333f567bd507eece477_G2-Winter-2023-4.webp → 200 (9ms, 10666B)
[2026-08-14T14:49:22.479Z] GET https://cdn.prod.website-files.com/66bbe17b9639de563ee20c7a/66c5f7dcce8d73ee51529f17_65f9622f17609513b5ec6399_G2-Winter-2023-5.webp → 200 (61ms, 12143B)
[2026-08-14T14:49:22.479Z] GET https://cdn.prod.website-files.com/66bbe17b9639de563ee20c7a/66c5f7dbee010ee69f6c147f_65f962d20b94fc2c2d61d89a_G2-Winter-2023-2.webp → 200 (44ms, 13270B)
[2026-08-14T14:49:22.479Z] GET https://cdn.prod.website-files.com/66b3765153a8a0c399c70981/67b711735e961e4be594d522_DISCORD.png → 200 (61ms, 3689B)
[2026-08-14T14:49:22.480Z] GET https://cdn.prod.website-files.com/66b3765153a8a0c399c70981/66de076f8f9acff582956ab7_Group%201171282884.svg → 200 (47ms, 17105B)
[2026-08-14T14:49:22.480Z] GET https://cdn.prod.website-files.com/66b3765153a8a0c399c70981/66de07706644c088fa62a48b_Group%201171282885.svg → 200 (60ms, 1934B)
[2026-08-14T14:49:22.480Z] GET https://t.co/1/i/adsct?bci=4&dv=America%2FToronto%26en-US%26Google%20Inc.%26MacIntel%26127%261280%26720%268%2624%261280%26720%260%26na&eci=4&event=%7B%7D&event_id=9c99e6db-376f-4a63-afd4-4effbfa15bbf&integration=gtm&p_id=Twitter&p_user_id=0&pl_id=c79e28fe-0749-4e92-abc9-784b82c93316&pt=The%20Most%20Powerful%20AI%20Voice%20API%20Suite%20%7C%20Murf%20AI&tw_document_href=https%3A%2F%2Fmurf.ai%2Fapi&tw_iframe_status=0&tw_pid_src=2&twpid=tw.1786718958087.671957167452586386&txn_id=tw-og12i-r7w97&type=javascript&version=2.4.1 → 200 (82ms, 154B)
[2026-08-14T14:49:22.480Z] GET https://analytics.twitter.com/1/i/adsct?bci=4&dv=America%2FToronto%26en-US%26Google%20Inc.%26MacIntel%26127%261280%26720%268%2624%261280%26720%260%26na&eci=4&event=%7B%7D&event_id=9c99e6db-376f-4a63-afd4-4effbfa15bbf&integration=gtm&p_id=Twitter&p_user_id=0&pl_id=c79e28fe-0749-4e92-abc9-784b82c93316&pt=The%20Most%20Powerful%20AI%20Voice%20API%20Suite%20%7C%20Murf%20AI&tw_document_href=https%3A%2F%2Fmurf.ai%2Fapi&tw_iframe_status=0&tw_pid_src=2&twpid=tw.1786718958087.671957167452586386&txn_id=tw-og12i-r7w97&type=javascript&version=2.4.1 → 200 (45ms, 223B)
[2026-08-14T14:49:22.480Z] GET https://t.co/1/i/adsct?bci=4&dv=America%2FToronto%26en-US%26Google%20Inc.%26MacIntel%26127%261280%26720%268%2624%261280%26720%260%26na&eci=3&event=%7B%7D&event_id=c62dd995-d9f1-4105-9211-e1e7e6882308&integration=gtm&p_id=Twitter&p_user_id=0&pl_id=c79e28fe-0749-4e92-abc9-784b82c93316&pt=The%20Most%20Powerful%20AI%20Voice%20API%20Suite%20%7C%20Murf%20AI&tw_document_href=https%3A%2F%2Fmurf.ai%2Fapi&tw_iframe_status=0&tw_pid_src=2&twpid=tw.1786718958087.671957167452586386&txn_id=og12i&type=javascript&version=2.4.1 → 200 (82ms, 132B)
[2026-08-14T14:49:22.480Z] GET https://analytics.twitter.com/1/i/adsct?bci=4&dv=America%2FToronto%26en-US%26Google%20Inc.%26MacIntel%26127%261280%26720%268%2624%261280%26720%260%26na&eci=3&event=%7B%7D&event_id=c62dd995-d9f1-4105-9211-e1e7e6882308&integration=gtm&p_id=Twitter&p_user_id=0&pl_id=c79e28fe-0749-4e92-abc9-784b82c93316&pt=The%20Most%20Powerful%20AI%20Voice%20API%20Suite%20%7C%20Murf%20AI&tw_document_href=https%3A%2F%2Fmurf.ai%2Fapi&tw_iframe_status=0&tw_pid_src=2&twpid=tw.1786718958087.671957167452586386&txn_id=og12i&type=javascript&version=2.4.1 → 200 (45ms, 135B)
[2026-08-14T14:49:22.480Z] GET https://bat.bing.com/action/0?ti=97150261&tm=gtm002&Ver=2&mid=da693698-af79-419d-9504-89181161aa0d&bo=1&sid=5397ac8097ef11f1a59081f4ab97e71f&vid=5397b66097ef11f198403ffdc6b31fdd&vids=0&msclkid=N&gtm_tag_source=1&pi=0&lg=en-US&sw=1280&sh=720&sc=24&tl=The%20Most%20Powerful%20AI%20Voice%20API%20Suite%20%7C%20Murf%20AI&p=https%3A%2F%2Fmurf.ai%2Fapi&r=&lt=491&evt=pageLoad&sv=2&cdb=AQAS&rn=638097 → 204 (21ms, 157B)
[2026-08-14T14:49:22.482Z] GET https://murf.ai/public-assets/webflow/api/A-Star-Is-Born.mp4 → pending (?ms, ?B)
[2026-08-14T14:49:22.483Z] GET https://murf.ai/public-assets/webflow/api/A-Star-Is-Born.mp4 → 206 (?ms, -806B)
[2026-08-14T14:49:22.517Z] GET https://murf.ai/public-assets/webflow/api/A-Star-Is-Born.mp4 → 206 (24ms, ?B)
[2026-08-14T14:49:22.858Z] GET https://accounts.google.com/gsi/client → 200 (107ms, 98347B)
[2026-08-14T14:49:24.486Z] POST https://t.clarity.ms/collect → 204 (26ms, ?B)
[2026-08-14T14:49:25.937Z] POST https://metrics-fe-na2.hubspot.com/cartographer/v1/ipl → 204 (91ms, 1960B)
[2026-08-14T14:49:25.976Z] POST https://analytics.google.com/g/collect?v=2&tid=G-2H3YQRTV6T&gtm=45je68d0h2v9204617388z89192180182za20gzb9192180182zd9192180182&_p=1786718960308&gcs=G111&gcd=13t3t3t3t5l1&npa=0&dma=0&_eu=AAAAACQC&are=1&cid=1987978666.1786718959&frm=0&ibt=1&ngs=1&pscdl=noapi&rcb=3&sr=1280x720&uaa=arm&uab=64&uafvl=Not%253AA-Brand%3B99.0.0.0%7CHeadlessChrome%3B145.0.7632.6%7CChromium%3B145.0.7632.6&uam=&uamb=0&uap=macOS&uapv=26.5.1&uaw=0&ul=en-us&_s=1&tag_exp=115938466~115938468~118897920~118897930~119367802~119367810~119381663~119527019~120385423&sid=1786718958&sct=1&seg=1&dl=https%3A%2F%2Fmurf.ai%2Fapi&dt=The%20Most%20Powerful%20AI%20Voice%20API%20Suite%20%7C%20Murf%20AI&en=page_view&tfd=6154 → 204 (42ms, ?B)
[2026-08-14T14:49:25.991Z] POST https://analytics.google.com/g/collect?v=2&tid=G-K9JGVTSHDM&gtm=45je68c1v896327468za200zd896327468&_p=1786718960308&gcs=G111&gcd=13t3t3t3t5l1&npa=0&dma=0&_eu=AAgAAGQC&are=1&cid=1987978666.1786718959&frm=0&ir=1&pscdl=noapi&rcb=11&sr=1280x720&uaa=arm&uab=64&uafvl=Not%253AA-Brand%3B99.0.0.0%7CHeadlessChrome%3B145.0.7632.6%7CChromium%3B145.0.7632.6&uam=&uamb=0&uap=macOS&uapv=26.5.1&uaw=0&ul=en-us&gaf=2&_s=2&tag_exp=115616986~115938466~115938469~118897920~118897930~119367802~119367810~119527020~120385422&sid=1786718957&sct=1&seg=1&dl=https%3A%2F%2Fmurf.ai%2Fapi&dt=The%20Most%20Powerful%20AI%20Voice%20API%20Suite%20%7C%20Murf%20AI&en=api_page_view&ep.debug_mode=false&_et=2&tfd=6171 → 204 (38ms, ?B)
[2026-08-14T14:49:30.558Z] GET https://t.co/i/adsct?bci=4&cv=100%261&dv=America%2FToronto%26en-US%26Google%20Inc.%26MacIntel%26127%261280%26720%268%2624%261280%26720%260%26na&eci=2&event_id=2d225da1-fcf1-4419-8bb4-f05f019875d1&events=%5B%5B%22auto_long_site_dwell%22%2C%7B%7D%5D%5D&integration=gtm&p_id=Twitter&p_user_id=0&pl_id=c79e28fe-0749-4e92-abc9-784b82c93316&pt=The%20Most%20Powerful%20AI%20Voice%20API%20Suite%20%7C%20Murf%20AI&tw_document_href=https%3A%2F%2Fmurf.ai%2Fapi&tw_iframe_status=0&tw_pid_src=2&twpid=tw.1786718958087.671957167452586386&txn_id=og12i&type=javascript&version=2.4.1 → pending (?ms, ?B)
[2026-08-14T14:49:30.559Z] GET https://analytics.twitter.com/i/adsct?bci=4&cv=100%261&dv=America%2FToronto%26en-US%26Google%20Inc.%26MacIntel%26127%261280%26720%268%2624%261280%26720%260%26na&eci=2&event_id=2d225da1-fcf1-4419-8bb4-f05f019875d1&events=%5B%5B%22auto_long_site_dwell%22%2C%7B%7D%5D%5D&integration=gtm&p_id=Twitter&p_user_id=0&pl_id=c79e28fe-0749-4e92-abc9-784b82c93316&pt=The%20Most%20Powerful%20AI%20Voice%20API%20Suite%20%7C%20Murf%20AI&tw_document_href=https%3A%2F%2Fmurf.ai%2Fapi&tw_iframe_status=0&tw_pid_src=2&twpid=tw.1786718958087.671957167452586386&txn_id=og12i&type=javascript&version=2.4.1 → pending (?ms, ?B)
[2026-08-14T14:49:31.249Z] POST https://metrics-fe-na2.hubspot.com/metrics/v1/frontend/send → 204 (104ms, 432B)
[2026-08-14T14:49:33.560Z] POST https://t.clarity.ms/collect → 204 (34ms, ?B)
[2026-08-14T14:49:35.913Z] GET https://murf.ai/pricing → 200 (21ms, 3746B)
[2026-08-14T14:49:35.942Z] POST https://bat.bing.com/actionp/0?ti=97150261&tm=gtm002&Ver=2&mid=da693698-af79-419d-9504-89181161aa0d&bo=2&sid=5397ac8097ef11f1a59081f4ab97e71f&vid=5397b66097ef11f198403ffdc6b31fdd&vids=0&msclkid=N&evt=pageHide → pending (?ms, ?B)
[2026-08-14T14:49:35.942Z] POST https://bat.bing.com/p/insights/c/n → pending (?ms, ?B)
[2026-08-14T14:49:35.942Z] POST https://t.clarity.ms/collect → pending (?ms, ?B)
[2026-08-14T14:49:35.943Z] POST https://analytics.google.com/g/collect?v=2&tid=G-2H3YQRTV6T&gtm=45je68d0h2v9204617388za20gzb9192180182zd9192180182&_p=1786718960308&_gaz=1&gcs=G111&gcd=13t3t3t3t5l1&npa=0&dma=0&_eu=AAAAACQC&are=1&cid=1987978666.1786718959&frm=0&ibt=1&ngs=1&pscdl=noapi&rcb=3&sr=1280x720&uaa=arm&uab=64&uafvl=Not%253AA-Brand%3B99.0.0.0%7CHeadlessChrome%3B145.0.7632.6%7CChromium%3B145.0.7632.6&uam=&uamb=0&uap=macOS&uapv=26.5.1&uaw=0&ul=en-us&_s=2&tag_exp=115938466~115938468~118897920~118897930~119367802~119367810~119381663~119527019~120385423&sid=1786718958&sct=1&seg=1&dl=https%3A%2F%2Fmurf.ai%2Fapi&dt=The%20Most%20Powerful%20AI%20Voice%20API%20Suite%20%7C%20Murf%20AI&en=user_engagement&_et=14965&tfd=16121 → pending (?ms, ?B)
[2026-08-14T14:49:35.960Z] GET https://www.google.ca/ads/ga-audiences?v=1&t=sr&slf_rd=1&_r=4&ngs=1&ibt=1&tid=G-2H3YQRTV6T&cid=1987978666.1786718959&gtm=45je68d0h2v9204617388za20gzb9192180182zd9192180182&rcb=3&aip=1&dma=0&gcs=G111&gcd=13t3t3t3t5l1&npa=0&frm=0&tag_exp=115938466~115938468~118897920~118897930~119367802~119367810~119381663~119527019~120385423&z=137841939 → pending (?ms, ?B)
[2026-08-14T14:49:35.960Z] POST https://analytics.google.com/g/collect?v=2&tid=G-K9JGVTSHDM&gtm=45je68c1v896327468za200zd896327468&_p=1786718960308&gcs=G111&gcd=13t3t3t3t5l1&npa=0&dma=0&_eu=EAAAAGQC&are=1&cid=1987978666.1786718959&frm=0&ir=1&pscdl=noapi&rcb=11&sr=1280x720&uaa=arm&uab=64&uafvl=Not%253AA-Brand%3B99.0.0.0%7CHeadlessChrome%3B145.0.7632.6%7CChromium%3B145.0.7632.6&uam=&uamb=0&uap=macOS&uapv=26.5.1&uaw=0&ul=en-us&gaf=2&_s=3&tag_exp=115616986~115938466~115938469~118897920~118897930~119367802~119367810~119527020~120385422&sid=1786718957&sct=1&seg=1&dl=https%3A%2F%2Fmurf.ai%2Fapi&dt=The%20Most%20Powerful%20AI%20Voice%20API%20Suite%20%7C%20Murf%20AI&en=user_engagement&ep.debug_mode=false&_et=14953&tfd=16128 → pending (?ms, ?B)
[2026-08-14T14:49:35.960Z] POST https://app-na2.hubspot.com/api/cartographer/v1/performance?hs_static_app=conversations-visitor-ui&hs_static_app_version=1.30387 → pending (?ms, ?B)
[2026-08-14T14:49:35.960Z] POST https://app-na2.hubspot.com/api/cartographer/v1/performance?hs_static_app=conversations-visitor-ui&hs_static_app_version=1.30387 → pending (?ms, ?B)
[2026-08-14T14:49:35.961Z] POST https://metrics-fe-na2.hubspot.com/metrics/v1/frontend/custom/send?hs_static_app=conversations-visitor-ui&hs_static_app_version=static-1.30387&metrics_js_version=2.1882 → pending (?ms, ?B)
[2026-08-14T14:49:35.962Z] POST https://metrics-fe-na2.hubspot.com/cartographer/v1/ipl → pending (?ms, ?B)
[2026-08-14T14:49:35.962Z] POST https://app-na2.hubspot.com/api/cartographer/v1/performance?hs_static_app=conversations-visitor-ui&hs_static_app_version=1.30387 → pending (?ms, ?B)
[2026-08-14T14:49:35.962Z] POST https://www.google.com/g/collect?v=2&tid=G-2H3YQRTV6T&gtm=45je68d0h2v9204617388za20gzb9192180182zd9192180182&_p=1786718960308&_gaz=1&gcs=G111&gcd=13t3t3t3t5l1&npa=0&dma=0&_eu=AAAAACQC&are=1&cid=1987978666.1786718959&frm=0&ibt=1&ngs=1&pscdl=noapi&rcb=3&sr=1280x720&uaa=arm&uab=64&uafvl=Not%253AA-Brand%3B99.0.0.0%7CHeadlessChrome%3B145.0.7632.6%7CChromium%3B145.0.7632.6&uam=&uamb=0&uap=macOS&uapv=26.5.1&uaw=0&ul=en-us&_s=2&tag_exp=115938466~115938468~118897920~118897930~119367802~119367810~119381663~119527019~120385423&sid=1786718958&sct=1&seg=1&dl=https%3A%2F%2Fmurf.ai%2Fapi&dt=The%20Most%20Powerful%20AI%20Voice%20API%20Suite%20%7C%20Murf%20AI&en=user_engagement&_et=14965&tfd=16121&gaf=1 → pending (?ms, ?B)
[2026-08-14T14:49:35.962Z] POST https://www.google.com/g/collect?v=2&tid=G-K9JGVTSHDM&gtm=45je68c1v896327468za200zd896327468&_p=1786718960308&gcs=G111&gcd=13t3t3t3t5l1&npa=0&dma=0&_eu=EAAAAGQC&are=1&cid=1987978666.1786718959&frm=0&ir=1&pscdl=noapi&rcb=11&sr=1280x720&uaa=arm&uab=64&uafvl=Not%253AA-Brand%3B99.0.0.0%7CHeadlessChrome%3B145.0.7632.6%7CChromium%3B145.0.7632.6&uam=&uamb=0&uap=macOS&uapv=26.5.1&uaw=0&ul=en-us&gaf=3&_s=3&tag_exp=115616986~115938466~115938469~118897920~118897930~119367802~119367810~119527020~120385422&sid=1786718957&sct=1&seg=1&dl=https%3A%2F%2Fmurf.ai%2Fapi&dt=The%20Most%20Powerful%20AI%20Voice%20API%20Suite%20%7C%20Murf%20AI&en=user_engagement&ep.debug_mode=false&_et=14953&tfd=16128 → pending (?ms, ?B)
[2026-08-14T14:49:35.967Z] GET https://fonts.googleapis.com/icon?family=Material+Icons+Round|Material+Icons+Outlined → 200 (42ms, 471B)
[2026-08-14T14:49:35.967Z] GET https://fonts.googleapis.com/css?family=Lato:300,400,700,900 → 200 (43ms, 479B)
[2026-08-14T14:49:35.967Z] GET https://fonts.googleapis.com/css?family=Sarala:400,700 → 200 (35ms, 525B)
[2026-08-14T14:49:35.967Z] GET https://fonts.googleapis.com/css2?family=Roboto+Flex:opsz,wdth,wght@8..144,25..151,100..1000&display=swap → 200 (40ms, 823B)
[2026-08-14T14:49:35.967Z] GET https://fonts.googleapis.com/css2?family=Inter:ital,opsz,wght@0,14..32,100..900;1,14..32,100..900&display=swap → 200 (39ms, 726B)
[2026-08-14T14:49:35.967Z] GET https://murf.ai/static/js/main.b1be36af.js → 200 (103ms, 1016716B)
[2026-08-14T14:49:35.967Z] GET https://murf.ai/static/css/main.0e42fb43.css → 200 (13ms, 128054B)
[2026-08-14T14:49:36.014Z] GET https://use.fontawesome.com/releases/v5.0.10/css/all.css → 200 (19ms, 8876B)
[2026-08-14T14:49:36.014Z] GET https://fonts.googleapis.com/css2?family=Chivo:ital,wght@0,300;0,400;0,700;1,300;1,400;1,700&display=swap → 200 (34ms, 625B)
[2026-08-14T14:49:36.014Z] GET https://fonts.googleapis.com/css2?family=Montserrat:wght@400;600&family=Righteous:wght@400;600&family=Libre+Franklin:wght@400;600&display=swap → 200 (38ms, 820B)
[2026-08-14T14:49:36.014Z] GET https://fonts.googleapis.com/css2?family=Rubik:ital,wght@0,300;0,400;0,500;0,600;0,700;1,300;1,400;1,500;1,600;1,700&display=swap → 200 (58ms, 1207B)
[2026-08-14T14:49:36.076Z] GET https://fonts.gstatic.com/s/robotoflex/v30/NaNeepOXO_NexZs0b5QrzlOHb8wCikXpYqmZsWI-__OGbt8jZktqc2V3Zs0KvDLdBP8SBZtOs2IifRuUZQMsPJtUsR4DEK6cULNeUx9XgTnH37Ha_FIAp4Fm0PP1hw45DntW2x0wZGzhPmr1YNMYKYn9_1IQXGwJAiUJVUMdN5YUW4O8HtSoXjC79QRyaLshNDUf9-EmF8tqHbE.woff2 → 200 (?ms, -816B)
[2026-08-14T14:49:36.077Z] GET https://fonts.gstatic.com/s/montserrat/v31/JTUSjIg1_i6t8kCHKm459WlhyyTh89Y.woff2 → 200 (?ms, -815B)
[2026-08-14T14:49:36.077Z] GET https://fonts.gstatic.com/s/rubik/v31/iJWKBXyIfDnIV7nBrXyw023e.woff2 → 200 (?ms, -815B)
[2026-08-14T14:49:36.077Z] GET https://snap.licdn.com/li.lms-analytics/insight.min.js → 200 (?ms, -463B)
[2026-08-14T14:49:36.098Z] GET https://www.google.com/recaptcha/enterprise.js → 200 (44ms, 1044B)
[2026-08-14T14:49:36.100Z] POST https://o4504603155759104.ingest.sentry.io/api/4504603157528576/envelope/?sentry_key=9280dd93251d46b283a80ca7afd467c9&sentry_version=7&sentry_client=sentry.javascript.react%2F7.120.3 → 200 (110ms, 20B)
[2026-08-14T14:49:36.100Z] GET https://js.stripe.com/v3 → 200 (34ms, 253821B)
[2026-08-14T14:49:36.103Z] GET https://js-na1.hs-scripts.com/24360943.js → 307 (108ms, ?B)
[2026-08-14T14:49:36.103Z] POST https://o4504603155759104.ingest.sentry.io/api/4504603157528576/envelope/?sentry_key=9280dd93251d46b283a80ca7afd467c9&sentry_version=7&sentry_client=sentry.javascript.react%2F7.120.3 → 200 (107ms, 20B)
[2026-08-14T14:49:36.103Z] POST https://o4504603155759104.ingest.sentry.io/api/4504603157528576/envelope/?sentry_key=9280dd93251d46b283a80ca7afd467c9&sentry_version=7&sentry_client=sentry.javascript.react%2F7.120.3 → 200 (21ms, 20B)
[2026-08-14T14:49:36.103Z] GET https://app.factors.ai/assets/factors.js → 200 (?ms, -606B)
[2026-08-14T14:49:36.104Z] GET https://www.googletagmanager.com/gtag/js?id=G-K9JGVTSHDM → 200 (?ms, -522B)
[2026-08-14T14:49:36.104Z] GET https://www.googletagmanager.com/gtm.js?id=GTM-PQCX387J → 200 (1ms, -632B)
[2026-08-14T14:49:36.105Z] GET https://www.googletagmanager.com/ns.html?id=GTM-PQCX387J → 200 (42ms, 186B)
[2026-08-14T14:49:36.107Z] GET https://murf.ai/Prod/ping/geography → 200 (181ms, 668B)
[2026-08-14T14:49:36.107Z] GET https://murf.ai/Prod/ping/fetch-pricing-plans/true → 200 (20ms, 2422B)
[2026-08-14T14:49:36.108Z] POST https://api-js.mixpanel.com/track/?verbose=1&ip=1&_=1786718976106 → 200 (103ms, 86B)
[2026-08-14T14:49:36.111Z] GET https://snap.licdn.com/li.lms-analytics/insight.old.min.js → 200 (?ms, -410B)
[2026-08-14T14:49:36.112Z] POST https://api.factors.ai/sdk/get_info → 200 (104ms, 363B)
[2026-08-14T14:49:36.128Z] POST https://o4504603155759104.ingest.sentry.io/api/4504603157528576/envelope/?sentry_key=9280dd93251d46b283a80ca7afd467c9&sentry_version=7&sentry_client=sentry.javascript.react%2F7.120.3 → 200 (1ms, 20B)
[2026-08-14T14:49:36.128Z] POST https://o4504603155759104.ingest.sentry.io/api/4504603157528576/envelope/?sentry_key=9280dd93251d46b283a80ca7afd467c9&sentry_version=7&sentry_client=sentry.javascript.react%2F7.120.3 → 200 (1ms, 20B)
[2026-08-14T14:49:36.128Z] GET https://murf.ai/static/js/495.12a5516c.chunk.js → 200 (17ms, 5583B)
[2026-08-14T14:49:36.128Z] GET https://murf.ai/static/js/8631.9d7fb249.chunk.js → 200 (18ms, 38020B)
[2026-08-14T14:49:36.129Z] POST https://o4504603155759104.ingest.sentry.io/api/4504603157528576/envelope/?sentry_key=9280dd93251d46b283a80ca7afd467c9&sentry_version=7&sentry_client=sentry.javascript.react%2F7.120.3 → 200 (80ms, 20B)
[2026-08-14T14:49:36.130Z] POST https://o4504603155759104.ingest.sentry.io/api/4504603157528576/envelope/?sentry_key=9280dd93251d46b283a80ca7afd467c9&sentry_version=7&sentry_client=sentry.javascript.react%2F7.120.3 → 200 (78ms, 20B)
[2026-08-14T14:49:36.130Z] GET https://murf.ai/Prod/ping/geography → 200 (83ms, 666B)
[2026-08-14T14:49:36.141Z] GET https://www.googletagmanager.com/gtag/js?id=G-2H3YQRTV6T&cx=c&gtm=4e68d0h2 → 200 (?ms, -586B)
[2026-08-14T14:49:36.141Z] GET https://static.ads-twitter.com/uwt.js → 200 (69ms, 13781B)
[2026-08-14T14:49:36.142Z] GET https://bat.bing.com/bat.js → 200 (?ms, -723B)
[2026-08-14T14:49:36.142Z] GET https://px.ads.linkedin.com/attribution_trigger?pid=4771596&time=1786718976140&url=https%3A%2F%2Fmurf.ai%2Fpricing → 200 (80ms, 917B)
[2026-08-14T14:49:36.142Z] GET https://px.ads.linkedin.com/collect?v=2&fmt=js&pid=4771596&time=1786718976140&li_adsId=b27c26fa-3ccd-4c5d-a46b-8d3d97b1123f&url=https%3A%2F%2Fmurf.ai%2Fpricing → 200 (104ms, 456B)
[2026-08-14T14:49:36.188Z] GET https://murf.ai/public-assets/webflow/footer-x-light.svg → 200 (7ms, 860B)
[2026-08-14T14:49:36.188Z] GET https://murf.ai/public-assets/webflow/footer-linkedin.svg → 200 (6ms, 988B)
[2026-08-14T14:49:36.188Z] GET https://murf.ai/public-assets/webflow/footer-instagram.svg → 200 (8ms, 2169B)
[2026-08-14T14:49:36.188Z] GET https://murf.ai/public-assets/webflow/footer-discord-light.svg → 200 (7ms, 1061B)
[2026-08-14T14:49:36.188Z] GET https://murf.ai/public-assets/webflow/footer-youtube.svg → 200 (10ms, 1408B)
[2026-08-14T14:49:36.189Z] GET https://murf.ai/public-assets/webflow/footer-email.svg → 200 (7ms, 1380B)
[2026-08-14T14:49:36.189Z] GET https://fonts.gstatic.com/s/materialiconsround/v109/LDItaoyNOAY6Uewc665JcIzCKsKc_M9flwmPq_HTTw.woff2 → 200 (58ms, 173672B)
[2026-08-14T14:49:36.189Z] GET https://fonts.gstatic.com/s/inter/v20/UcCo3FwrK3iLTcviYwYZ8UA3.woff2 → 200 (41ms, 73053B)
[2026-08-14T14:49:36.189Z] GET https://fonts.gstatic.com/s/materialiconsoutlined/v110/gok-H7zzDkdnRel8-DQ6KAXJ69wP1tGnf4ZGhUcel5euIg.woff2 → 200 (57ms, 155325B)
[2026-08-14T14:49:36.190Z] GET https://api.murf.ai/Prod/ping/api-pricing-plans?test-group=B&is-logged-in=false → 200 (39ms, 890B)
[2026-08-14T14:49:36.190Z] GET https://murf.ai/public-assets/v2-assets/logos/murf-icon.svg → 200 (28ms, 3274B)
[2026-08-14T14:49:36.190Z] GET https://murf.ai/public-assets/v2-assets/icons/icon_check.svg → 200 (29ms, 1296B)
[2026-08-14T14:49:36.190Z] GET https://murf.ai/public-assets/v2-assets/pricingv3/down_arrow.svg → 200 (32ms, 908B)
[2026-08-14T14:49:36.190Z] GET https://murf.ai/public-assets/v2-assets/pricingv3/handshake.svg → 200 (31ms, 979B)
[2026-08-14T14:49:36.190Z] GET https://murf.ai/public-assets/v2-assets/pricingv3/customer_success.svg → 200 (33ms, 1334B)
[2026-08-14T14:49:36.190Z] GET https://murf.ai/public-assets/v2-assets/pricingv3/help.svg → 200 (33ms, 895B)
[2026-08-14T14:49:36.191Z] GET https://murf.ai/public-assets/v2-assets/pricingv3/contact-us-bg.svg → 200 (30ms, 5814B)
[2026-08-14T14:49:36.191Z] GET https://murf.ai/public-assets/v2-assets/icons/salesforce.svg → 200 (34ms, 114642B)
[2026-08-14T14:49:36.191Z] GET https://murf.ai/public-assets/v2-assets/icons/pepsico.svg → 200 (38ms, 87737B)
[2026-08-14T14:49:36.191Z] GET https://murf.ai/public-assets/v2-assets/icons/oracle.svg → 200 (39ms, 17050B)
[2026-08-14T14:49:36.191Z] GET https://murf.ai/public-assets/v2-assets/icons/netflix.svg → 200 (39ms, 36012B)
[2026-08-14T14:49:36.191Z] GET https://murf.ai/public-assets/v2-assets/icons/michelin.svg → 200 (39ms, 55045B)
[2026-08-14T14:49:36.191Z] GET https://murf.ai/public-assets/v2-assets/icons/mckiney&company.svg → 200 (35ms, 5759B)
[2026-08-14T14:49:36.191Z] GET https://murf.ai/public-assets/v2-assets/icons/infosys.svg → 200 (57ms, 46315B)
[2026-08-14T14:49:36.191Z] GET https://murf.ai/public-assets/v2-assets/icons/deloitte.svg → 200 (57ms, 20842B)
[2026-08-14T14:49:36.191Z] GET https://murf.ai/public-assets/v2-assets/icons/baker_hughes.svg → 200 (57ms, 94034B)
[2026-08-14T14:49:36.191Z] GET https://murf.ai/public-assets/v2-assets/icons/accenture.svg → 200 (57ms, 20967B)
[2026-08-14T14:49:36.191Z] GET https://murf.ai/public-assets/v2-assets/pricingv3/rating.svg → 200 (57ms, 1840B)
[2026-08-14T14:49:36.191Z] GET https://murf.ai/public-assets/v2-assets/pricingv3/awards.svg → 200 (66ms, 62978B)
[2026-08-14T14:49:36.191Z] GET https://murf.ai/public-assets/v2-assets/icons/g2Icon.svg → 200 (59ms, 1057B)
[2026-08-14T14:49:36.192Z] GET https://murf.ai/public-assets/v2-assets/pricingv3/arrow_left_slider.svg → 200 (64ms, 993B)
[2026-08-14T14:49:36.192Z] GET https://murf.ai/public-assets/v2-assets/pricingv3/arrow_right_slider.svg → 200 (66ms, 953B)
[2026-08-14T14:49:36.192Z] GET https://murf.ai/public-assets/v2-assets/icons/review_icon1.webp → 200 (58ms, 2171B)
[2026-08-14T14:49:36.192Z] GET https://murf.ai/public-assets/v2-assets/icons/review_icon2.png → 200 (65ms, 26882B)
[2026-08-14T14:49:36.192Z] GET https://murf.ai/public-assets/v2-assets/icons/review_icon3.webp → 200 (58ms, 2461B)
[2026-08-14T14:49:36.192Z] GET https://murf.ai/public-assets/v2-assets/icons/review_icon4.png → 200 (58ms, 2145B)
[2026-08-14T14:49:36.192Z] GET https://murf.ai/public-assets/v2-assets/icons/review_icon5.jpeg → 200 (63ms, 5379B)
[2026-08-14T14:49:36.192Z] GET https://murf.ai/public-assets/v2-assets/icons/review_icon6.jpeg → 200 (62ms, 3964B)
[2026-08-14T14:49:36.192Z] GET https://murf.ai/public-assets/v2-assets/icons/review_icon7.jpeg → 200 (63ms, 4632B)
[2026-08-14T14:49:36.192Z] GET https://murf.ai/public-assets/v2-assets/icons/review_icon8.webp → 200 (65ms, 2808B)
[2026-08-14T14:49:36.192Z] GET https://murf.ai/public-assets/v2-assets/icons/review_icon9.jpeg → 200 (71ms, 6570B)
[2026-08-14T14:49:36.192Z] GET https://murf.ai/public-assets/v2-assets/icons/hippa.png → 200 (78ms, 18815B)
[2026-08-14T14:49:36.192Z] GET https://murf.ai/public-assets/v2-assets/icons/gdpr.png → 200 (71ms, 7662B)
[2026-08-14T14:49:36.192Z] GET https://murf.ai/public-assets/v2-assets/pricingv3/iso.svg → 200 (75ms, 61087B)
[2026-08-14T14:49:36.193Z] GET https://murf.ai/public-assets/v2-assets/icons/soc.png → 200 (74ms, 23325B)
[2026-08-14T14:49:36.193Z] GET https://murf.ai/public-assets/countries/us-canada.svg → 200 (70ms, 3336B)
[2026-08-14T14:49:36.193Z] GET https://murf.ai/public-assets/countries/uk.svg → 200 (71ms, 11386B)
[2026-08-14T14:49:36.193Z] GET https://murf.ai/public-assets/countries/australia.svg → 200 (73ms, 1256B)
[2026-08-14T14:49:36.193Z] GET https://murf.ai/public-assets/countries/germany.svg → 200 (75ms, 923B)
[2026-08-14T14:49:36.193Z] GET https://murf.ai/public-assets/countries/canada-france.svg → 200 (71ms, 1862B)
[2026-08-14T14:49:36.193Z] GET https://murf.ai/public-assets/countries/italy.svg → 200 (74ms, 965B)
[2026-08-14T14:49:36.193Z] GET https://murf.ai/public-assets/countries/spain-mexico.svg → 200 (73ms, 9992B)
[2026-08-14T14:49:36.193Z] GET https://murf.ai/public-assets/countries/russia.svg → 200 (72ms, 1077B)
[2026-08-14T14:49:36.193Z] GET https://murf.ai/public-assets/countries/brazil-portugal.svg → 200 (72ms, 16928B)
[2026-08-14T14:49:36.193Z] GET https://murf.ai/public-assets/countries/arabic.svg → 200 (73ms, 2004B)
[2026-08-14T14:49:36.193Z] GET https://murf.ai/public-assets/countries/india.svg → 200 (70ms, 5572B)
[2026-08-14T14:49:36.193Z] GET https://murf.ai/public-assets/countries/china.svg → 200 (75ms, 969B)
[2026-08-14T14:49:36.193Z] GET https://murf.ai/public-assets/countries/japan.svg → 200 (74ms, 994B)
[2026-08-14T14:49:36.193Z] GET https://murf.ai/public-assets/countries/korea.svg → 200 (72ms, 1882B)
[2026-08-14T14:49:36.193Z] GET https://murf.ai/public-assets/countries/netherlands.svg → 200 (71ms, 1050B)
[2026-08-14T14:49:36.193Z] GET https://murf.ai/public-assets/countries/denmark.svg → 200 (70ms, 1059B)
[2026-08-14T14:49:36.193Z] GET https://murf.ai/public-assets/countries/finland.svg → 200 (73ms, 924B)
[2026-08-14T14:49:36.193Z] GET https://murf.ai/public-assets/countries/norway.svg → 200 (75ms, 973B)
[2026-08-14T14:49:36.193Z] GET https://murf.ai/public-assets/countries/romania.svg → 200 (75ms, 967B)
[2026-08-14T14:49:36.193Z] GET https://murf.ai/public-assets/countries/turkey.svg → 200 (76ms, 1280B)
[2026-08-14T14:49:36.193Z] GET https://murf.ai/public-assets/countries/indonesia.svg → 200 (78ms, 1244B)
[2026-08-14T14:49:36.193Z] GET https://murf.ai/public-assets/countries/brazil.svg → 200 (76ms, 7225B)
[2026-08-14T14:49:36.193Z] GET https://murf.ai/public-assets/countries/scottish.svg → 200 (76ms, 1191B)
[2026-08-14T14:49:36.193Z] GET https://murf.ai/public-assets/v2-assets/rebranding/certification-soc.svg → 200 (76ms, 16956B)
[2026-08-14T14:49:36.193Z] GET https://murf.ai/public-assets/v2-assets/rebranding/certification-iso.svg → 200 (77ms, 61048B)
[2026-08-14T14:49:36.194Z] GET https://murf.ai/public-assets/v2-assets/rebranding/certification-gdpr.svg → 200 (76ms, 1987B)
[2026-08-14T14:49:36.194Z] GET https://murf.ai/Prod/ping/new-pricing-plans/true → 200 (97ms, 5048B)
[2026-08-14T14:49:36.208Z] GET https://bat.bing.com/action/0?ti=97150261&Ver=2 → pending (?ms, ?B)
[2026-08-14T14:49:36.212Z] GET https://js-na2.hs-scripts.com/24360943.js → 200 (64ms, 809B)
[2026-08-14T14:49:36.232Z] POST https://api.factors.ai/sdk/event/track → 304 (126ms, 12B)
[2026-08-14T14:49:36.232Z] POST https://api.factors.ai/sdk/user/add_properties → 200 (126ms, 65B)
[2026-08-14T14:49:36.232Z] POST https://api.factors.ai/sdk/user/add_properties → 200 (126ms, 65B)
[2026-08-14T14:49:36.294Z] POST https://px.ads.linkedin.com/wa/?medium=fetch&fmt=g → 204 (153ms, ?B)
[2026-08-14T14:49:36.313Z] GET https://bat.bing.com/p/action/97150261.js → 200 (?ms, -617B)
[2026-08-14T14:49:36.313Z] GET https://www.gstatic.com/recaptcha/releases/XOqlk8PL_yVx6IdpLbpXdiLy/recaptcha__en.js → 200 (71ms, 343972B)
[2026-08-14T14:49:36.314Z] GET https://t.co/1/i/adsct?bci=4&dv=America%2FToronto%26en-US%26Google%20Inc.%26MacIntel%26127%261280%26720%268%2624%261280%26720%260%26na&eci=4&event=%7B%7D&event_id=f8e39969-edce-4a0e-bc9b-e78f39b85c2b&integration=gtm&p_id=Twitter&p_user_id=0&pl_id=fb5cb2dd-d910-449e-adfb-70b4fd3c0740&pt=Murf.AI%20text%20to%20speech%20Pricing%20%7C%20Get%20started%20for%20free&tw_document_href=https%3A%2F%2Fmurf.ai%2Fpricing&tw_iframe_status=0&tw_pid_src=2&twpid=tw.1786718958087.671957167452586386&txn_id=tw-og12i-r7w97&type=javascript&version=2.4.1 → 200 (106ms, 154B)
[2026-08-14T14:49:36.314Z] GET https://analytics.twitter.com/1/i/adsct?bci=4&dv=America%2FToronto%26en-US%26Google%20Inc.%26MacIntel%26127%261280%26720%268%2624%261280%26720%260%26na&eci=4&event=%7B%7D&event_id=f8e39969-edce-4a0e-bc9b-e78f39b85c2b&integration=gtm&p_id=Twitter&p_user_id=0&pl_id=fb5cb2dd-d910-449e-adfb-70b4fd3c0740&pt=Murf.AI%20text%20to%20speech%20Pricing%20%7C%20Get%20started%20for%20free&tw_document_href=https%3A%2F%2Fmurf.ai%2Fpricing&tw_iframe_status=0&tw_pid_src=2&twpid=tw.1786718958087.671957167452586386&txn_id=tw-og12i-r7w97&type=javascript&version=2.4.1 → 200 (92ms, 154B)
[2026-08-14T14:49:36.314Z] GET https://t.co/1/i/adsct?bci=4&dv=America%2FToronto%26en-US%26Google%20Inc.%26MacIntel%26127%261280%26720%268%2624%261280%26720%260%26na&eci=3&event=%7B%7D&event_id=e9e52c99-8921-4bfb-91a3-1b797f719f46&integration=gtm&p_id=Twitter&p_user_id=0&pl_id=fb5cb2dd-d910-449e-adfb-70b4fd3c0740&pt=Murf.AI%20text%20to%20speech%20Pricing%20%7C%20Get%20started%20for%20free&tw_document_href=https%3A%2F%2Fmurf.ai%2Fpricing&tw_iframe_status=0&tw_pid_src=2&twpid=tw.1786718958087.671957167452586386&txn_id=og12i&type=javascript&version=2.4.1 → 200 (126ms, 132B)
[2026-08-14T14:49:36.314Z] GET https://analytics.twitter.com/1/i/adsct?bci=4&dv=America%2FToronto%26en-US%26Google%20Inc.%26MacIntel%26127%261280%26720%268%2624%261280%26720%260%26na&eci=3&event=%7B%7D&event_id=e9e52c99-8921-4bfb-91a3-1b797f719f46&integration=gtm&p_id=Twitter&p_user_id=0&pl_id=fb5cb2dd-d910-449e-adfb-70b4fd3c0740&pt=Murf.AI%20text%20to%20speech%20Pricing%20%7C%20Get%20started%20for%20free&tw_document_href=https%3A%2F%2Fmurf.ai%2Fpricing&tw_iframe_status=0&tw_pid_src=2&twpid=tw.1786718958087.671957167452586386&txn_id=og12i&type=javascript&version=2.4.1 → 200 (92ms, 132B)
[2026-08-14T14:49:36.314Z] GET https://js-na2.usemessages.com/conversations-embed.js → 200 (?ms, -1148B)
[2026-08-14T14:49:36.315Z] GET https://js-na2.hscollectedforms.net/collectedforms.js → 200 (?ms, -1332B)
[2026-08-14T14:49:36.315Z] GET https://js-na2.hs-banner.com/v2/24360943/banner.js → 200 (?ms, -1698B)
[2026-08-14T14:49:36.315Z] GET https://js-na2.hsadspixel.net/pixels.js → 200 (?ms, -1169B)
[2026-08-14T14:49:36.315Z] GET https://js-na2.hs-analytics.net/analytics/1786712400000/24360943.js → 200 (?ms, -651B)
[2026-08-14T14:49:36.315Z] GET https://bat.bing.com/p/insights/t/97150261 → 200 (92ms, 975B)
[2026-08-14T14:49:36.315Z] GET https://bat.bing.com/action/0?ti=97150261&tm=gtm002&Ver=2&mid=4f795074-7cba-4538-af9b-9829706a810f&bo=1&sid=5397ac8097ef11f1a59081f4ab97e71f&vid=5397b66097ef11f198403ffdc6b31fdd&vids=0&msclkid=N&gtm_tag_source=1&pi=0&lg=en-US&sw=1280&sh=720&sc=24&tl=Murf.AI%20text%20to%20speech%20Pricing%20%7C%20Get%20started%20for%20free&p=https%3A%2F%2Fmurf.ai%2Fpricing&r=&lt=186&evt=pageLoad&sv=2&cdb=AQAS&rn=338997 → 204 (66ms, 122B)
[2026-08-14T14:49:36.316Z] GET https://api-na2.hubspot.com/livechat-public/v1/message/public?portalId=24360943&conversations-embed=static-1.27944&mobile=false&messagesUtk=0922f158a2f449789ee3a36ccce52453&traceId=0922f158a2f449789ee3a36ccce52453&hubspotUtk=b2c9723c3c50778c42b70f1ec1989927&__hstc=11635051.b2c9723c3c50778c42b70f1ec1989927.1786718958233.1786718958233.1786718958233.1&__hssc=11635051.2.1786718958233 → pending (?ms, ?B)
[2026-08-14T14:49:36.320Z] GET https://js-na2.hs-banner.com/v2/cf-location → 200 (120ms, 1478B)
[2026-08-14T14:49:36.321Z] GET https://forms-na2.hscollectedforms.net/collected-forms/v1/config/json?portalId=24360943&utk=b2c9723c3c50778c42b70f1ec1989927 → 200 (123ms, 536B)
[2026-08-14T14:49:36.389Z] GET https://www.google.com/recaptcha/enterprise/anchor?ar=1&k=6Ldx1eonAAAAAD10nV2FxwRNTscfWRS5H37kwBG9&co=aHR0cHM6Ly9tdXJmLmFpOjQ0Mw..&hl=en&v=XOqlk8PL_yVx6IdpLbpXdiLy&size=invisible&anchor-ms=20000&execute-ms=30000&cb=l1udzo2k0g8q → 200 (72ms, 28429B)
[2026-08-14T14:49:36.407Z] GET https://bat.bing.com/p/insights/s/0.8.69 → 200 (?ms, -869B)
[2026-08-14T14:49:36.440Z] GET https://api-na2.hubapi.com/hs-script-loader-public/v2/config/pixels-and-events/json?portalId=24360943 → 200 (92ms, 775B)
[2026-08-14T14:49:36.464Z] GET https://www.gstatic.com/recaptcha/releases/XOqlk8PL_yVx6IdpLbpXdiLy/styles__ltr.css → 200 (14ms, 42386B)
[2026-08-14T14:49:36.464Z] GET https://www.gstatic.com/recaptcha/releases/XOqlk8PL_yVx6IdpLbpXdiLy/recaptcha__en.js → 200 (13ms, -887B)
[2026-08-14T14:49:36.514Z] GET https://www.google.com/recaptcha/enterprise/webworker.js?hl=en&v=XOqlk8PL_yVx6IdpLbpXdiLy → 200 (66ms, ?B)
[2026-08-14T14:49:36.528Z] GET https://www.gstatic.com/recaptcha/api2/logo_48.png → 200 (3ms, 2252B)
[2026-08-14T14:49:36.528Z] GET https://fonts.gstatic.com/s/roboto/v48/KFO7CnqEu92Fr1ME7kSn66aGLdTylUAMa3yUBHMdazQ.woff2 → 200 (11ms, 34700B)
[2026-08-14T14:49:36.532Z] POST https://bat.bing.com/p/insights/c/n → 204 (66ms, 205B)
[2026-08-14T14:49:36.547Z] GET https://connect.facebook.net/en_US/fbevents.js → 200 (?ms, -5374B)
[2026-08-14T14:49:36.547Z] GET https://track-na2.hubspot.com/__ptq.gif?k=1&sd=1280x720&cd=24-bit&cs=UTF-8&ln=en-us&bfp=774e95b7b839260e725956aff7d29dd2&v=1.1&a=24360943&rcu=https%3A%2F%2Fmurf.ai%2Fpricing&pu=https%3A%2F%2Fmurf.ai%2Fpricing&t=Murf.AI+text+to+speech+Pricing+%7C+Get+started+for+free&cts=1786718976546&vi=b2c9723c3c50778c42b70f1ec1989927&nc=false&u=11635051.b2c9723c3c50778c42b70f1ec1989927.1786718958233.1786718958233.1786718958233.1&b=11635051.3.1786718958233&cc=15 → pending (?ms, ?B)
[2026-08-14T14:49:36.567Z] GET https://connect.facebook.net/signals/config/3532335366908695?v=2.9.377&r=stable&domain=murf.ai&hme=54e1ff78c67c58505a168f4db6b2d95d2daeace7ee6b53e01d6f2396e8523fa0&ex_m=113%2C218%2C164%2C25%2C78%2C79%2C156%2C74%2C73%2C11%2C174%2C98%2C19%2C148%2C136%2C43%2C81%2C86%2C144%2C169%2C176%2C29%2C17%2C30%2C31%2C32%2C34%2C52%2C157%2C83%2C121%2C21%2C23%2C48%2C44%2C46%2C45%2C91%2C100%2C104%2C119%2C155%2C158%2C50%2C120%2C27%2C24%2C128%2C75%2C40%2C160%2C159%2C161%2C152%2C150%2C28%2C39%2C63%2C118%2C171%2C76%2C20%2C123%2C89%2C72%2C22%2C93%2C94%2C125%2C92%2C146%2C145%2C149%2C105%2C170%2C173%2C38%2C53%2C122%2C51%2C8%2C4%2C5%2C7%2C6%2C3%2C99%2C110%2C177%2C185%2C232%2C80%2C245%2C244%2C243%2C14%2C26%2C37%2C59%2C112%2C65%2C10%2C69%2C106%2C107%2C108%2C114%2C139%2C35%2C33%2C141%2C142%2C143%2C138%2C137%2C165%2C82%2C168%2C166%2C167%2C54%2C64%2C132%2C18%2C172%2C49%2C290%2C291%2C289%2C304%2C323%2C225%2C214%2C66%2C215%2C213%2C326%2C317%2C56%2C226%2C116%2C140%2C88%2C130%2C58%2C129%2C135%2C134%2C62%2C70%2C68%2C162%2C84%2C85%2C124%2C41%2C36%2C57%2C60%2C109%2C175%2C1%2C133%2C16%2C131%2C12%2C2%2C61%2C101%2C15%2C71%2C67%2C127%2C97%2C96%2C178%2C179%2C102%2C103%2C9%2C111%2C55%2C153%2C95%2C87%2C77%2C126%2C115%2C47%2C154%2C0%2C90%2C147%2C151%2C163%2C42%2C117%2C13%2C180 → 200 (?ms, -5352B)
[2026-08-14T14:49:36.581Z] GET https://www.gstatic.com/recaptcha/releases/XOqlk8PL_yVx6IdpLbpXdiLy/recaptcha__en.js → 200 (41ms, -887B)
[2026-08-14T14:49:36.673Z] GET https://app-na2.hubspot.com/conversations-visitor/24360943/threads/utk/0922f158a2f449789ee3a36ccce52453?uuid=92ff292b2f74427c8721d5a8039c61ba&mobile=false&mobileSafari=false&hideWelcomeMessage=false&hstc=11635051.b2c9723c3c50778c42b70f1ec1989927.1786718958233.1786718958233.1786718958233.1&domain=murf.ai&inApp53=false&messagesUtk=0922f158a2f449789ee3a36ccce52453&url=https%3A%2F%2Fmurf.ai%2Fpricing&inline=false&isFullscreen=false&globalCookieOptOut=&isFirstVisitorSession=false&isAttachmentDisabled=false&isInitialInputFocusDisabled=false&enableWidgetCookieBanner=false&isInCMS=false&hideScrollToButton=true&isIOSMobile=false&hubspotUtk=b2c9723c3c50778c42b70f1ec1989927 → 200 (208ms, ?B)
[2026-08-14T14:49:38.515Z] GET https://static.hsappstatic.net/trellis-theming-assets/ex/live/hubspot-theme.stable.css → 200 (38ms, 35663B)
[2026-08-14T14:49:38.515Z] GET https://static.hsappstatic.net/trellis-theming-assets/ex/live/hubspot-theme.stable.js → 200 (46ms, 21319B)
[2026-08-14T14:49:38.516Z] GET https://static.hsappstatic.net/head-dlb/static-1.5007/bundle.production.js → 200 (44ms, 20608B)
[2026-08-14T14:49:38.516Z] GET https://static.hsappstatic.net/conversations-visitor-ui/static-1.30374/sass/visitor.css → 200 (37ms, 5146B)
[2026-08-14T14:49:38.516Z] GET https://static.hsappstatic.net/hubspot-dlb/static-2.1882/bundle.production.js → 200 (44ms, 40228B)
[2026-08-14T14:49:38.516Z] GET https://static.hsappstatic.net/react-dlb/static-1.85/bundle.production.js → 200 (50ms, 48647B)
[2026-08-14T14:49:38.516Z] GET https://static.hsappstatic.net/conversations-visitor-ui/static-1.30387/bundles/visitor.js → 200 (86ms, 400978B)
[2026-08-14T14:49:38.552Z] GET https://googleads.g.doubleclick.net/pagead/viewthroughconversion/350723826/?random=1786718976121&cv=11&fst=1786718976121&bg=ffffff&guid=ON&async=1&en=gtag.config&gtm=45je68c1v896327468za200zd896327468xec&gcd=13t3t3t3t5l1&dma=0&tag_exp=115938466~115938468~118395334~118897920~118897930~119259605~119367802~119367810~119527020~120125305~120385422&u_w=1280&u_h=720&url=https%3A%2F%2Fmurf.ai%2Fpricing&rcb=5&_dbg=0&frm=0&tiba=Murf.AI%20text%20to%20speech%20Pricing%20%7C%20Get%20started%20for%20free&hn=www.googleadservices.com&npa=0&pscdl=noapi&auid=35002087.1786718959&uaa=arm&uab=64&uafvl=Not%253AA-Brand%3B99.0.0.0%7CHeadlessChrome%3B145.0.7632.6%7CChromium%3B145.0.7632.6&uamb=0&uam=&uap=macOS&uapv=26.5.1&uaw=0&data=event%3Dgtag.config&ept=9&rfmt=3&fmt=4 → 200 (49ms, 2708B)
[2026-08-14T14:49:38.553Z] POST https://www.google.com/rmkt/collect/350723826/?random=1786718976121&cv=11&fst=1786718976121&fmt=8&bg=ffffff&guid=ON&async=1&en=gtag.config&gtm=45je68c1v896327468za200zd896327468xec&gcd=13t3t3t3t5l1&dma=0&tag_exp=115938466~115938468~118395334~118897920~118897930~119259605~119367802~119367810~119527020~120125305~120385422&u_w=1280&u_h=720&url=https%3A%2F%2Fmurf.ai%2Fpricing&rcb=5&_dbg=0&frm=0&tiba=Murf.AI%20text%20to%20speech%20Pricing%20%7C%20Get%20started%20for%20free&hn=www.googleadservices.com&npa=0&pscdl=noapi&auid=35002087.1786718959&uaa=arm&uab=64&uafvl=Not%253AA-Brand%3B99.0.0.0%7CHeadlessChrome%3B145.0.7632.6%7CChromium%3B145.0.7632.6&uamb=0&uam=&uap=macOS&uapv=26.5.1&uaw=0&data=event%3Dgtag.config&ept=68&gcp=5 → 200 (20ms, ?B)
[2026-08-14T14:49:38.553Z] POST https://analytics.google.com/g/collect?v=2&tid=G-K9JGVTSHDM&gtm=45je68c1v896327468za200zd896327468&_p=1786718976102&gcs=G111&gcd=13t3t3t3t5l1&npa=0&dma=0&_eu=EAAAAGQC&are=1&cid=1987978666.1786718959&frm=0&ir=1&pscdl=noapi&rcb=5&sr=1280x720&uaa=arm&uab=64&uafvl=Not%253AA-Brand%3B99.0.0.0%7CHeadlessChrome%3B145.0.7632.6%7CChromium%3B145.0.7632.6&uam=&uamb=0&uap=macOS&uapv=26.5.1&uaw=0&ul=en-us&gaf=2&_s=1&tag_exp=115938466~115938468~118395334~118897920~118897930~119259605~119367802~119367810~119527020~120125305~120385422&sid=1786718957&sct=1&seg=1&dl=https%3A%2F%2Fmurf.ai%2Fpricing&dt=Murf.AI%20text%20to%20speech%20Pricing%20%7C%20Get%20started%20for%20free&en=page_view&_ee=1&ep.debug_mode=false&tfd=2620 → 204 (49ms, ?B)
[2026-08-14T14:49:38.553Z] POST https://analytics.google.com/g/collect?v=2&tid=G-K9JGVTSHDM&gtm=45je68c1v896327468za200zd896327468&_p=1786718976102&gcs=G111&gcd=13t3t3t3t5l1&npa=0&dma=0&_eu=EEAAAGQC&ae=a&are=1&cid=1987978666.1786718959&frm=0&ir=1&pscdl=noapi&rcb=5&sr=1280x720&uaa=arm&uab=64&uafvl=Not%253AA-Brand%3B99.0.0.0%7CHeadlessChrome%3B145.0.7632.6%7CChromium%3B145.0.7632.6&uam=&uamb=0&uap=macOS&uapv=26.5.1&uaw=0&ul=en-us&gaf=2&_s=2&tag_exp=115938466~115938468~118395334~118897920~118897930~119259605~119367802~119367810~119527020~120125305~120385422&sid=1786718957&sct=1&seg=1&dl=https%3A%2F%2Fmurf.ai%2Fpricing&dt=Murf.AI%20text%20to%20speech%20Pricing%20%7C%20Get%20started%20for%20free&en=scroll&ep.debug_mode=false&epn.percent_scrolled=90&tfd=2626 → 204 (49ms, ?B)
[2026-08-14T14:49:38.553Z] POST https://www.google.com/ccm/collect?rcb=5&frm=0&apvc=1&auid=35002087.1786718959&dt=Murf.AI%20text%20to%20speech%20Pricing%20%7C%20Get%20started%20for%20free&tid=AW-350723826&en=page_view&dl=https%3A%2F%2Fmurf.ai%2Fpricing&scrsrc=www.googletagmanager.com&rnd=956075856.1786718979&navt=n&npa=0&ep.debug_mode=0&gtm=45je68c1v896327468za200zd896327468xec&gcs=G111&gcd=13t3t3t3t5l1&dma=0&tag_exp=115938466~115938468~118395334~118897920~118897930~119259605~119367802~119367810~119527020~120125305~120385422&tft=1786718978545&tfd=2634&tids=AW-350723826&fmt=8 → 200 (53ms, ?B)
[2026-08-14T14:49:38.553Z] POST https://www.google.com/ccm/collect?rcb=2&frm=0&apvc=0&ae=g&auid=35002087.1786718959&dt=Murf.AI%20text%20to%20speech%20Pricing%20%7C%20Get%20started%20for%20free&en=page_view&dl=https%3A%2F%2Fmurf.ai%2Fpricing&scrsrc=www.googletagmanager.com&rnd=956075856.1786718979&navt=n&npa=0&ep.ads_data_redaction=0&gtm=45He68d0h2v9192180182za200zd9192180182xea&gcs=G111&gcd=13t3t3t3t5l1&dma=0&tag_exp=115938466~115938469~118897920~118897930~119259605~119527019~120385422&tft=1786718978546&tfd=2635&fmt=8 → 200 (53ms, ?B)
[2026-08-14T14:49:38.554Z] GET https://js.stripe.com/v3/m-outer-3437aaddcdf6922d623e172c2d6f9278.html → 200 (27ms, ?B)
[2026-08-14T14:49:38.558Z] POST https://www.google.com/recaptcha/enterprise/reload?k=6Ldx1eonAAAAAD10nV2FxwRNTscfWRS5H37kwBG9 → pending (?ms, ?B)
[2026-08-14T14:49:38.561Z] GET https://accounts.google.com/gsi/client → 200 (12ms, -1098B)
[2026-08-14T14:49:38.584Z] GET https://accounts.google.com/gsi/style → 200 (44ms, 385B)
[2026-08-14T14:49:38.603Z] GET https://static.hsappstatic.net/conversations-visitor-ui/static-1.30374/i18n-data-data-modern-locales-en-us.js → 200 (18ms, 1502B)
[2026-08-14T14:49:38.606Z] GET https://static.hsappstatic.net/conversations-visitor-ui/static-1.9449/audio/notification.mp3 → 206 (24ms, 5323B)
[2026-08-14T14:49:38.611Z] GET https://static.hsappstatic.net/whisper-core/ex/whisper-core.js → 200 (20ms, 981B)
[2026-08-14T14:49:38.611Z] GET https://www.google.com/pagead/1p-user-list/350723826/?random=1786718976121&cv=11&fst=1786716000000&bg=ffffff&guid=ON&async=1&en=gtag.config&gtm=45je68c1v896327468za200zd896327468xec&gcd=13t3t3t3t5l1&dma=0&tag_exp=115938466~115938468~118395334~118897920~118897930~119259605~119367802~119367810~119527020~120125305~120385422&u_w=1280&u_h=720&url=https%3A%2F%2Fmurf.ai%2Fpricing&rcb=5&_dbg=0&frm=0&tiba=Murf.AI%20text%20to%20speech%20Pricing%20%7C%20Get%20started%20for%20free&hn=www.googleadservices.com&npa=0&pscdl=noapi&auid=35002087.1786718959&uaa=arm&uab=64&uafvl=Not%253AA-Brand%3B99.0.0.0%7CHeadlessChrome%3B145.0.7632.6%7CChromium%3B145.0.7632.6&uamb=0&uam=&uap=macOS&uapv=26.5.1&uaw=0&data=event%3Dgtag.config&ept=9&rfmt=3&fmt=3&is_vtc=1&cid=CAQS4QEAEQoqgQhe23tzz-DYreYqxnFgBBqJyFTZ5_u7vLwfeW0ER8SEzXxCev2zKAFLWsmAp2pPnfmn36wgrXxGLfzIlsMHv7r-HA71LkaX75ZqCeipRDXHxmphltKW8ev839ZL94bH9WSyFk3uKzj3dcB5tzaFB6mvM2vybZiMd4YthwTKvKNG0TeUBBS8VcinvqLu8VWXM-N5dfenw4-p-Qa87821qtnuzI6YEi7bUCj9qad0oFcelVwpIcgU-NbpXfMhdxRnBF0qKO4we5iIammB9eYK-Wt1RGbjjQPGdmadLHY&random=3788321384&rmt_tld=0&ipr=y → pending (?ms, ?B)
[2026-08-14T14:49:38.611Z] GET https://www.google.ca/pagead/1p-user-list/350723826/?random=1786718976121&cv=11&fst=1786716000000&bg=ffffff&guid=ON&async=1&en=gtag.config&gtm=45je68c1v896327468za200zd896327468xec&gcd=13t3t3t3t5l1&dma=0&tag_exp=115938466~115938468~118395334~118897920~118897930~119259605~119367802~119367810~119527020~120125305~120385422&u_w=1280&u_h=720&url=https%3A%2F%2Fmurf.ai%2Fpricing&rcb=5&_dbg=0&frm=0&tiba=Murf.AI%20text%20to%20speech%20Pricing%20%7C%20Get%20started%20for%20free&hn=www.googleadservices.com&npa=0&pscdl=noapi&auid=35002087.1786718959&uaa=arm&uab=64&uafvl=Not%253AA-Brand%3B99.0.0.0%7CHeadlessChrome%3B145.0.7632.6%7CChromium%3B145.0.7632.6&uamb=0&uam=&uap=macOS&uapv=26.5.1&uaw=0&data=event%3Dgtag.config&ept=9&rfmt=3&fmt=3&is_vtc=1&cid=CAQS4QEAEQoqgQhe23tzz-DYreYqxnFgBBqJyFTZ5_u7vLwfeW0ER8SEzXxCev2zKAFLWsmAp2pPnfmn36wgrXxGLfzIlsMHv7r-HA71LkaX75ZqCeipRDXHxmphltKW8ev839ZL94bH9WSyFk3uKzj3dcB5tzaFB6mvM2vybZiMd4YthwTKvKNG0TeUBBS8VcinvqLu8VWXM-N5dfenw4-p-Qa87821qtnuzI6YEi7bUCj9qad0oFcelVwpIcgU-NbpXfMhdxRnBF0qKO4we5iIammB9eYK-Wt1RGbjjQPGdmadLHY&random=3788321384&rmt_tld=1&ipr=y → 200 (38ms, 64B)
[2026-08-14T14:49:38.646Z] POST https://exceptions-na2.hubspot.com/frontend/observability/page-tracking/store/?sentry_version=7&sentry_client=raven-js%2F3.19.1&deployable=conversations-visitor-ui → pending (?ms, ?B)
[2026-08-14T14:49:38.647Z] POST https://app-na2.hubspot.com/api/cartographer/v1/rhumb?hs_static_app=conversations-visitor-ui&hs_static_app_version=1.30387 → pending (?ms, ?B)
[2026-08-14T14:49:38.647Z] GET https://app-na2.hubspot.com/api/livechat-public/v1/feedback/survey/CSAT/2?hs_static_app=conversations-visitor-ui&hs_static_app_version=1.30387&conversations-visitor-ui=static-1.30387&traceId=0922f158a2f449789ee3a36ccce52453&sessionId=ANP4AQnYdYy0ydMF-MDgUUGEGOWgmcF1qlJiYQi96vVN8u6sLuPr1KlaJ89Ro9x6I7MksWvooQtpKuc-jRIlsfanlF42Ta7U90nFDeUkXVM8tIFPNWpBVxBCWpBwpmiiFSLoKy6Xsh_h3OfVzBDCi1-WO4xSjjTKaHGjfsii2f1QM3Ijg4N0HWE → pending (?ms, ?B)
[2026-08-14T14:49:38.647Z] GET https://app-na2.hubspot.com/api/livechat-public/v1/thread/visitor/recent?hs_static_app=conversations-visitor-ui&hs_static_app_version=1.30387&conversations-visitor-ui=static-1.30387&traceId=0922f158a2f449789ee3a36ccce52453&sessionId=ANP4AQnYdYy0ydMF-MDgUUGEGOWgmcF1qlJiYQi96vVN8u6sLuPr1KlaJ89Ro9x6I7MksWvooQtpKuc-jRIlsfanlF42Ta7U90nFDeUkXVM8tIFPNWpBVxBCWpBwpmiiFSLoKy6Xsh_h3OfVzBDCi1-WO4xSjjTKaHGjfsii2f1QM3Ijg4N0HWE → pending (?ms, ?B)
[2026-08-14T14:49:38.649Z] GET https://static.hsappstatic.net/whisper-core/static-1.10104/whisper-core-entry.js → pending (?ms, ?B)
[2026-08-14T14:49:38.670Z] POST https://content-firebaseappcheck.googleapis.com/v1/projects/murf-ai/apps/1:999638116296:web:6d801d834f66f51f7c02fd:exchangeRecaptchaEnterpriseToken?key=AIzaSyDQyfss4q_uqGeqySU2i0fI3VQdrglSXmc → 403 (123ms, 137B)
[2026-08-14T14:49:38.672Z] POST https://www.google.com/recaptcha/enterprise/clr?k=6Ldx1eonAAAAAD10nV2FxwRNTscfWRS5H37kwBG9 → 200 (59ms, ?B)
[2026-08-14T14:49:38.777Z] GET https://js.stripe.com/v3/fingerprinted/js/m-outer-15a2b40a058ddff1cffdb63779fe3de1.js → 200 (14ms, 1018B)
[2026-08-14T14:49:38.792Z] GET https://m.stripe.network/inner.html → 200 (17ms, 1720B)
[2026-08-14T14:49:38.815Z] GET https://m.stripe.network/out-4.5.45.js → 200 (26ms, 17164B)
[2026-08-14T14:49:38.846Z] POST https://m.stripe.com/6 → 200 (137ms, 579B)
[2026-08-14T14:49:41.205Z] POST https://api-js.mixpanel.com/track/?verbose=1&ip=1&_=1786718981200 → 200 (79ms, 86B)
[2026-08-14T14:49:41.676Z] POST https://metrics-fe-na2.hubspot.com/cartographer/v1/ipl → 204 (82ms, 1963B)
[2026-08-14T14:49:43.037Z] GET https://track-na2.hubspot.com/__ptc.gif?_hs_tag_name=BUTTON&_hs_element_id=step-API&_hs_element_class=text-white+bg-rb-black5-20+opacity-50&_hs_element_text=API&_hs_element_visible=true&_hs_link_href=&_hs_parent_module_id=&_hs_viewport_width=1280&_hs_viewport_height=720&_hs_document_width=1280&_hs_document_height=720&_hs_screen_width=1280&_hs_screen_height=720&_hs_scroll_x_coordinate=&_hs_scroll_y_coordinate=&_hs_mouse_x_coordinate=388&_hs_mouse_y_coordinate=245&_hs_offset_x=70&_hs_offset_y=22&_hs_key_ctrl=&_hs_key_shift=&_hs_key_alt=&_hs_key_meta=&_hs_touch_screen=&_hs_selector=button%23step-API.text-white.bg-rb-black5-20.opacity-50&_hs_is_navigation=true&sd=1280x720&cd=24-bit&cs=UTF-8&ln=en-us&bfp=774e95b7b839260e725956aff7d29dd2&v=1.1&a=24360943&rcu=https%3A%2F%2Fmurf.ai%2Fpricing&pu=https%3A%2F%2Fmurf.ai%2Fpricing&t=Murf.AI+text+to+speech+Pricing+%7C+Get+started+for+free&cts=1786718982948&vi=b2c9723c3c50778c42b70f1ec1989927&nc=false&u=11635051.b2c9723c3c50778c42b70f1ec1989927.1786718958233.1786718958233.1786718958233.1&b=11635051.3.1786718958233&cc=15 → 200 (43ms, 613B)
[2026-08-14T14:49:43.037Z] GET https://t.co/i/adsct?bci=4&cv=100%261&dv=America%2FToronto%26en-US%26Google%20Inc.%26MacIntel%26127%261280%26720%268%2624%261280%26720%260%26na&eci=2&event_id=1001bc58-2f44-4234-919a-b4228f9bebb5&events=%5B%5B%22autobuttonclick%22%2C%7B%22value%22%3A%22API%22%7D%5D%5D&integration=gtm&p_id=Twitter&p_user_id=0&pl_id=fb5cb2dd-d910-449e-adfb-70b4fd3c0740&pt=Murf.AI%20text%20to%20speech%20Pricing%20%7C%20Get%20started%20for%20free&tw_document_href=https%3A%2F%2Fmurf.ai%2Fpricing&tw_iframe_status=0&tw_pid_src=2&twpid=tw.1786718958087.671957167452586386&txn_id=og12i&type=javascript&version=2.4.1 → 200 (10ms, 200B)
[2026-08-14T14:49:43.037Z] GET https://analytics.twitter.com/i/adsct?bci=4&cv=100%261&dv=America%2FToronto%26en-US%26Google%20Inc.%26MacIntel%26127%261280%26720%268%2624%261280%26720%260%26na&eci=2&event_id=1001bc58-2f44-4234-919a-b4228f9bebb5&events=%5B%5B%22autobuttonclick%22%2C%7B%22value%22%3A%22API%22%7D%5D%5D&integration=gtm&p_id=Twitter&p_user_id=0&pl_id=fb5cb2dd-d910-449e-adfb-70b4fd3c0740&pt=Murf.AI%20text%20to%20speech%20Pricing%20%7C%20Get%20started%20for%20free&tw_document_href=https%3A%2F%2Fmurf.ai%2Fpricing&tw_iframe_status=0&tw_pid_src=2&twpid=tw.1786718958087.671957167452586386&txn_id=og12i&type=javascript&version=2.4.1 → 200 (1ms, 214B)
[2026-08-14T14:49:43.037Z] POST https://api.factors.ai/sdk/capture_click → 202 (136ms, 58B)
[2026-08-14T14:49:43.037Z] GET https://murf.ai/public-assets/v2-assets/pricingv3/contact_sales_bg.svg → 200 (35ms, 1443B)
[2026-08-14T14:49:43.037Z] GET https://murf.ai/public-assets/v2-assets/pricingv3/contact_support_bg.svg → 200 (136ms, 1443B)
[2026-08-14T14:49:43.037Z] GET https://murf.ai/public-assets/v2-assets/pricingv3/help_center_bg.svg → 200 (136ms, 1064B)
[2026-08-14T14:49:43.037Z] GET https://murf.ai/public-assets/v2-assets/pricingv3/reliability.svg → 200 (38ms, 6108B)
[2026-08-14T14:49:43.038Z] GET https://murf.ai/static/media/mf-api-plan-feature-bg.55e8ee3cbef2b74707b68d4a6cf7041c.svg → 200 (?ms, 1148B)
[2026-08-14T14:49:43.038Z] GET https://murf.ai/public-assets/v2-assets/illustrations/falcon-bg-sm.png → 200 (43ms, 119749B)
[2026-08-14T14:49:43.038Z] POST https://px.ads.linkedin.com/wa/?medium=fetch&fmt=g → 204 (135ms, ?B)
[2026-08-14T14:49:43.520Z] POST https://analytics.google.com/g/collect?v=2&tid=G-2H3YQRTV6T&gtm=45je68d0h2v9204617388z89192180182za20gzb9192180182zd9192180182&_p=1786718976102&gcs=G111&gcd=13t3t3t3t5l1&npa=0&dma=0&_eu=AAAAACQC&are=1&cid=1987978666.1786718959&frm=0&ibt=1&ngs=1&pscdl=noapi&rcb=1&sr=1280x720&uaa=arm&uab=64&uafvl=Not%253AA-Brand%3B99.0.0.0%7CHeadlessChrome%3B145.0.7632.6%7CChromium%3B145.0.7632.6&uam=&uamb=0&uap=macOS&uapv=26.5.1&uaw=0&ul=en-us&_s=1&tag_exp=115938466~115938468~118395334~118897920~118897930~119259605~119367802~119367810~119527020~120385423&sid=1786718958&sct=1&seg=1&dl=https%3A%2F%2Fmurf.ai%2Fpricing&dt=Murf.AI%20text%20to%20speech%20Pricing%20%7C%20Get%20started%20for%20free&en=page_view&tfd=7608 → 204 (36ms, ?B)
[2026-08-14T14:49:43.541Z] POST https://analytics.google.com/g/collect?v=2&tid=G-K9JGVTSHDM&gtm=45je68c1v896327468za200zd896327468&_p=1786718976102&gcs=G111&gcd=13t3t3t3t5l1&npa=0&dma=0&_eu=EAAAAGQC&are=1&cid=1987978666.1786718959&frm=0&ir=1&pscdl=noapi&rcb=5&sr=1280x720&uaa=arm&uab=64&uafvl=Not%253AA-Brand%3B99.0.0.0%7CHeadlessChrome%3B145.0.7632.6%7CChromium%3B145.0.7632.6&uam=&uamb=0&uap=macOS&uapv=26.5.1&uaw=0&ul=en-us&gaf=2&tag_exp=115938466~115938468~118395334~118897920~118897930~119259605~119367802~119367810~119527020~120125305~120385422&sid=1786718957&sct=1&seg=1&dl=https%3A%2F%2Fmurf.ai%2Fpricing&dt=Murf.AI%20text%20to%20speech%20Pricing%20%7C%20Get%20started%20for%20free&_s=3&tfd=7627 → 204 (41ms, ?B)
[2026-08-14T14:49:43.970Z] POST https://bat.bing.com/p/insights/c/n → 204 (60ms, 123B)
[2026-08-14T14:49:46.178Z] GET https://t.co/1/i/adsct?bci=4&dv=America%2FToronto%26en-US%26Google%20Inc.%26MacIntel%26127%261280%26720%268%2624%261280%26720%260%26na&eci=4&event=%7B%7D&event_id=f8e39969-edce-4a0e-bc9b-e78f39b85c2b&integration=gtm&p_id=Twitter&p_user_id=0&pl_id=fb5cb2dd-d910-449e-adfb-70b4fd3c0740&pt=Murf.AI%20text%20to%20speech%20Pricing%20%7C%20Get%20started%20for%20free&tw_document_href=https%3A%2F%2Fmurf.ai%2Fpricing&tw_iframe_status=0&tw_pid_src=2&twpid=tw.1786718958087.671957167452586386&txn_id=tw-og12i-r7w97&type=javascript&version=2.4.1 → 200 (142ms, 215B)
[2026-08-14T14:49:46.178Z] GET https://analytics.twitter.com/1/i/adsct?bci=4&dv=America%2FToronto%26en-US%26Google%20Inc.%26MacIntel%26127%261280%26720%268%2624%261280%26720%260%26na&eci=4&event=%7B%7D&event_id=f8e39969-edce-4a0e-bc9b-e78f39b85c2b&integration=gtm&p_id=Twitter&p_user_id=0&pl_id=fb5cb2dd-d910-449e-adfb-70b4fd3c0740&pt=Murf.AI%20text%20to%20speech%20Pricing%20%7C%20Get%20started%20for%20free&tw_document_href=https%3A%2F%2Fmurf.ai%2Fpricing&tw_iframe_status=0&tw_pid_src=2&twpid=tw.1786718958087.671957167452586386&txn_id=tw-og12i-r7w97&type=javascript&version=2.4.1 → 200 (141ms, 132B)
[2026-08-14T14:49:46.178Z] GET https://t.co/1/i/adsct?bci=4&dv=America%2FToronto%26en-US%26Google%20Inc.%26MacIntel%26127%261280%26720%268%2624%261280%26720%260%26na&eci=3&event=%7B%7D&event_id=e9e52c99-8921-4bfb-91a3-1b797f719f46&integration=gtm&p_id=Twitter&p_user_id=0&pl_id=fb5cb2dd-d910-449e-adfb-70b4fd3c0740&pt=Murf.AI%20text%20to%20speech%20Pricing%20%7C%20Get%20started%20for%20free&tw_document_href=https%3A%2F%2Fmurf.ai%2Fpricing&tw_iframe_status=0&tw_pid_src=2&twpid=tw.1786718958087.671957167452586386&txn_id=og12i&type=javascript&version=2.4.1 → 200 (142ms, 132B)
[2026-08-14T14:49:46.178Z] GET https://analytics.twitter.com/1/i/adsct?bci=4&dv=America%2FToronto%26en-US%26Google%20Inc.%26MacIntel%26127%261280%26720%268%2624%261280%26720%260%26na&eci=3&event=%7B%7D&event_id=e9e52c99-8921-4bfb-91a3-1b797f719f46&integration=gtm&p_id=Twitter&p_user_id=0&pl_id=fb5cb2dd-d910-449e-adfb-70b4fd3c0740&pt=Murf.AI%20text%20to%20speech%20Pricing%20%7C%20Get%20started%20for%20free&tw_document_href=https%3A%2F%2Fmurf.ai%2Fpricing&tw_iframe_status=0&tw_pid_src=2&twpid=tw.1786718958087.671957167452586386&txn_id=og12i&type=javascript&version=2.4.1 → 200 (140ms, 155B)
[2026-08-14T14:49:46.179Z] GET https://t.co/i/adsct?bci=4&cv=100%261&dv=America%2FToronto%26en-US%26Google%20Inc.%26MacIntel%26127%261280%26720%268%2624%261280%26720%260%26na&eci=2&event_id=1001bc58-2f44-4234-919a-b4228f9bebb5&events=%5B%5B%22autobuttonclick%22%2C%7B%22value%22%3A%22API%22%7D%5D%5D&integration=gtm&p_id=Twitter&p_user_id=0&pl_id=fb5cb2dd-d910-449e-adfb-70b4fd3c0740&pt=Murf.AI%20text%20to%20speech%20Pricing%20%7C%20Get%20started%20for%20free&tw_document_href=https%3A%2F%2Fmurf.ai%2Fpricing&tw_iframe_status=0&tw_pid_src=2&twpid=tw.1786718958087.671957167452586386&txn_id=og12i&type=javascript&version=2.4.1 → 200 (141ms, 155B)
[2026-08-14T14:49:46.179Z] GET https://analytics.twitter.com/i/adsct?bci=4&cv=100%261&dv=America%2FToronto%26en-US%26Google%20Inc.%26MacIntel%26127%261280%26720%268%2624%261280%26720%260%26na&eci=2&event_id=1001bc58-2f44-4234-919a-b4228f9bebb5&events=%5B%5B%22autobuttonclick%22%2C%7B%22value%22%3A%22API%22%7D%5D%5D&integration=gtm&p_id=Twitter&p_user_id=0&pl_id=fb5cb2dd-d910-449e-adfb-70b4fd3c0740&pt=Murf.AI%20text%20to%20speech%20Pricing%20%7C%20Get%20started%20for%20free&tw_document_href=https%3A%2F%2Fmurf.ai%2Fpricing&tw_iframe_status=0&tw_pid_src=2&twpid=tw.1786718958087.671957167452586386&txn_id=og12i&type=javascript&version=2.4.1 → 200 (140ms, 136B)
[2026-08-14T14:49:46.179Z] GET https://bat.bing.com/action/0?ti=97150261&tm=gtm002&Ver=2&mid=4f795074-7cba-4538-af9b-9829706a810f&bo=1&sid=5397ac8097ef11f1a59081f4ab97e71f&vid=5397b66097ef11f198403ffdc6b31fdd&vids=0&msclkid=N&gtm_tag_source=1&pi=0&lg=en-US&sw=1280&sh=720&sc=24&tl=Murf.AI%20text%20to%20speech%20Pricing%20%7C%20Get%20started%20for%20free&p=https%3A%2F%2Fmurf.ai%2Fpricing&r=&lt=186&evt=pageLoad&sv=2&cdb=AQAS&rn=338997 → 204 (33ms, 121B)
[2026-08-14T14:49:46.289Z] POST https://api-js.mixpanel.com/track/?verbose=1&ip=1&_=1786718986286 → 200 (86ms, 86B)
[2026-08-14T14:49:46.316Z] GET https://t.co/i/adsct?bci=4&cv=100%261&dv=America%2FToronto%26en-US%26Google%20Inc.%26MacIntel%26127%261280%26720%268%2624%261280%26720%260%26na&eci=2&event_id=fd39ee70-d983-4e36-b3ac-16d7f7d95097&events=%5B%5B%22auto_long_site_dwell%22%2C%7B%7D%5D%5D&integration=gtm&p_id=Twitter&p_user_id=0&pl_id=fb5cb2dd-d910-449e-adfb-70b4fd3c0740&pt=Murf.AI%20text%20to%20speech%20Pricing%20%7C%20Get%20started%20for%20free&tw_document_href=https%3A%2F%2Fmurf.ai%2Fpricing&tw_iframe_status=0&tw_pid_src=2&twpid=tw.1786718958087.671957167452586386&txn_id=og12i&type=javascript&version=2.4.1 → 200 (91ms, 132B)
[2026-08-14T14:49:46.316Z] GET https://analytics.twitter.com/i/adsct?bci=4&cv=100%261&dv=America%2FToronto%26en-US%26Google%20Inc.%26MacIntel%26127%261280%26720%268%2624%261280%26720%260%26na&eci=2&event_id=fd39ee70-d983-4e36-b3ac-16d7f7d95097&events=%5B%5B%22auto_long_site_dwell%22%2C%7B%7D%5D%5D&integration=gtm&p_id=Twitter&p_user_id=0&pl_id=fb5cb2dd-d910-449e-adfb-70b4fd3c0740&pt=Murf.AI%20text%20to%20speech%20Pricing%20%7C%20Get%20started%20for%20free&tw_document_href=https%3A%2F%2Fmurf.ai%2Fpricing&tw_iframe_status=0&tw_pid_src=2&twpid=tw.1786718958087.671957167452586386&txn_id=og12i&type=javascript&version=2.4.1 → 200 (52ms, 132B)
[2026-08-14T14:49:48.767Z] POST https://metrics-fe-na2.hubspot.com/metrics/v1/frontend/send → 204 (175ms, 2033B)
[2026-08-14T14:50:08.676Z] POST https://app-na2.hubspot.com/api/cartographer/v1/performance?hs_static_app=conversations-visitor-ui&hs_static_app_version=1.30387 → 204 (91ms, 341B)
[2026-08-14T14:50:08.678Z] POST https://app-na2.hubspot.com/api/cartographer/v1/performance?hs_static_app=conversations-visitor-ui&hs_static_app_version=1.30387 → 204 (87ms, 1721B)
[2026-08-14T14:50:38.602Z] POST https://metrics-fe-na2.hubspot.com/metrics/v1/frontend/custom/send?hs_static_app=conversations-visitor-ui&hs_static_app_version=static-1.30387&metrics_js_version=2.1882 → 204 (147ms, 2004B)
[2026-08-14T14:50:42.678Z] POST https://metrics-fe-na2.hubspot.com/cartographer/v1/ipl → 204 (80ms, 450B)
[2026-08-14T14:50:44.224Z] GET https://lovo.ai/pricing → 402 (76ms, ?B)
[2026-08-14T14:50:48.780Z] GET https://www.listnr.ai/pricing → pending (?ms, ?B)
[2026-08-14T14:50:50.030Z] GET https://www.listnr.ai/cdn-cgi/speculation → 200 (11ms, 461B)
[2026-08-14T14:50:50.030Z] GET https://www.listnr.ai/cdn-cgi/styles/main.css → 200 (13ms, 2456B)
[2026-08-14T14:50:50.030Z] GET https://static.cloudflareinsights.com/beacon.min.js/v4513226cdae34746b4dedf0b4dfa099e1781791509496 → 200 (48ms, 11577B)
[2026-08-14T14:50:50.054Z] GET https://www.listnr.ai/cdn-cgi/images/cf-icon-browser.png → 200 (8ms, 858B)
[2026-08-14T14:50:50.054Z] GET https://www.listnr.ai/cdn-cgi/images/cf-icon-ok.png → 200 (8ms, 1352B)
[2026-08-14T14:50:50.054Z] GET https://www.listnr.ai/cdn-cgi/images/cf-icon-cloud.png → 200 (9ms, 1854B)
[2026-08-14T14:50:50.054Z] GET https://www.listnr.ai/cdn-cgi/images/cf-icon-server.png → 200 (9ms, 1755B)
[2026-08-14T14:50:50.054Z] GET https://www.listnr.ai/cdn-cgi/images/cf-icon-error.png → 200 (9ms, 1221B)
[2026-08-14T14:50:50.081Z] GET https://www.listnr.ai/cdn-cgi/challenge-platform/scripts/jsd/main.js → 302 (62ms, ?B)
[2026-08-14T14:50:50.081Z] GET https://www.listnr.ai/cdn-cgi/zaraz/s.js?z=JTdCJTIyZXhlY3V0ZWQlMjIlM0ElNUIlNUQlMkMlMjJ0JTIyJTNBJTIybGlzdG5yLmFpJTIwJTdDJTIwNTI2JTNBJTIwSW52YWxpZCUyMFNTTCUyMGNlcnRpZmljYXRlJTIyJTJDJTIyeCUyMiUzQTAuNDMwNzIxNzEyNjYzNzEyNCUyQyUyMnclMjIlM0ExMjgwJTJDJTIyaCUyMiUzQTcyMCUyQyUyMmolMjIlM0E3MjAlMkMlMjJlJTIyJTNBMTI4MCUyQyUyMmwlMjIlM0ElMjJodHRwcyUzQSUyRiUyRnd3dy5saXN0bnIuYWklMkZwcmljaW5nJTIyJTJDJTIyciUyMiUzQSUyMiUyMiUyQyUyMmslMjIlM0EyNCUyQyUyMm4lMjIlM0ElMjJVVEYtOCUyMiUyQyUyMm8lMjIlM0EyNDAlMkMlMjJxJTIyJTNBJTVCJTVEJTdE → 200 (63ms, 4666B)
[2026-08-14T14:50:50.143Z] GET https://www.listnr.ai/cdn-cgi/challenge-platform/h/g/scripts/jsd/aae2b9a1c261/main.js? → 200 (2ms, 9965B)
[2026-08-14T14:50:50.144Z] POST https://stats.g.doubleclick.net/g/collect?t=dc&aip=1&_r=3&v=1&_v=j86&tid=G-KMCH1PX8G9&cid=6d34ff7b-0ef3-4432-9ba5-25647a2d26ad&_u=KGDAAEADQAAAAC%7E&z=922458152 → pending (?ms, ?B)
[2026-08-14T14:50:50.144Z] GET https://www.google.com/ads/ga-audiences?t=sr&aip=1&_r=4&v=1&_v=j86&tid=G-KMCH1PX8G9&cid=6d34ff7b-0ef3-4432-9ba5-25647a2d26ad&_u=KGDAAEADQAAAAC%7E&z=922458152&slf_rd=1 → pending (?ms, ?B)
[2026-08-14T14:50:50.145Z] POST https://www.listnr.ai/cdn-cgi/rum? → pending (?ms, ?B)
[2026-08-14T14:50:50.858Z] POST https://www.listnr.ai/cdn-cgi/challenge-platform/h/g/jsd/oneshot/aae2b9a1c261/0.15199102417727783:1786716032:5JnCh6-CdnOHvOIQa4buBwTpuTX75O0h08SjGKVlVAo/a2b0c6274ce6ac39 → 200 (31ms, 1421B)
[2026-08-14T14:51:02.482Z] GET https://lovo.ai/ → 402 (21ms, 1693B)
[2026-08-14T14:51:05.764Z] GET https://listnr.ai/ → 200 (56ms, 37929B)
[2026-08-14T14:51:05.825Z] GET https://listnr.ai/cdn-cgi/speculation → 200 (13ms, 568B)
[2026-08-14T14:51:05.826Z] GET https://listnr.ai/_next/static/media/e4af272ccee01ff0-s.p.woff2 → 200 (29ms, 49123B)
[2026-08-14T14:51:05.826Z] GET https://listnr.ai/_next/static/chunks/c7773329-aa8fa82960e75139.js → 200 (81ms, 3354B)
[2026-08-14T14:51:05.826Z] GET https://listnr.ai/_next/static/chunks/8450-8bce3c5eacd29452.js → 200 (86ms, 11311B)
[2026-08-14T14:51:05.826Z] GET https://listnr.ai/_next/static/chunks/6047-411bc5c011b4d39a.js → 200 (84ms, 8253B)
[2026-08-14T14:51:05.826Z] GET https://listnr.ai/_next/static/chunks/4396.6c6d0033b15cb933.js → 200 (117ms, 3350B)
[2026-08-14T14:51:05.826Z] GET https://listnr.ai/_next/static/chunks/f8f82d1d-d98fadb70c178438.js → 200 (81ms, 2378B)
[2026-08-14T14:51:05.826Z] GET https://listnr.ai/_next/static/chunks/5331.524f117c3485aa97.js → 200 (83ms, 3061B)
[2026-08-14T14:51:05.827Z] GET https://listnr.ai/_next/static/chunks/4804-175299eb2428c66d.js → 200 (83ms, 36482B)
[2026-08-14T14:51:05.827Z] GET https://listnr.ai/_next/static/chunks/3023-a5d822c7ff3d4e87.js → 200 (85ms, 28790B)
[2026-08-14T14:51:05.827Z] GET https://listnr.ai/_next/static/chunks/2666.b1479a371c7a0843.js → 200 (87ms, 6246B)
[2026-08-14T14:51:05.827Z] GET https://listnr.ai/_next/static/chunks/7811-0a2ea5bac8737082.js → 200 (84ms, 38006B)
[2026-08-14T14:51:05.827Z] GET https://listnr.ai/_next/static/chunks/4618.5bbb56e428739881.js → 200 (87ms, 2850B)
[2026-08-14T14:51:05.827Z] GET https://listnr.ai/_next/static/chunks/7435.85a4d9eff909af90.js → 200 (82ms, 2009B)
[2026-08-14T14:51:05.827Z] GET https://listnr.ai/_next/static/chunks/4853.d0fa67d175fba265.js → 200 (83ms, 1483B)
[2026-08-14T14:51:05.828Z] GET https://listnr.ai/_next/static/chunks/6807.da87953744e58df7.js → 200 (84ms, 2265B)
[2026-08-14T14:51:05.828Z] GET https://listnr.ai/_next/static/chunks/7066-8562f944199be1e5.js → 200 (83ms, 21380B)
[2026-08-14T14:51:05.828Z] GET https://listnr.ai/_next/static/chunks/7365.91b0f32dc5da8ee1.js → 200 (82ms, 1698B)
[2026-08-14T14:51:05.828Z] GET https://listnr.ai/_next/static/chunks/4391.00408bb5a92c6ce8.js → 200 (84ms, 3144B)
[2026-08-14T14:51:05.828Z] GET https://listnr.ai/_next/static/chunks/7575-5cb88bda559b9786.js → 200 (84ms, 19085B)
[2026-08-14T14:51:05.828Z] GET https://listnr.ai/_next/static/chunks/5512-f1d2d9dc7d8ad6c1.js → 200 (84ms, 5924B)
[2026-08-14T14:51:05.828Z] GET https://listnr.ai/_next/static/chunks/webpack-58c9f94a34a8f47b.js → 200 (84ms, 7318B)
[2026-08-14T14:51:05.828Z] GET https://listnr.ai/_next/static/chunks/framework-b0ec748c7a4c483a.js → 200 (85ms, 46284B)
[2026-08-14T14:51:05.828Z] GET https://listnr.ai/_next/static/chunks/main-0b641b715ac19da2.js → 200 (85ms, 35302B)
[2026-08-14T14:51:05.828Z] GET https://listnr.ai/_next/static/chunks/pages/_app-2d4348fb61c484df.js → 200 (85ms, 6075B)
[2026-08-14T14:51:05.828Z] GET https://listnr.ai/_next/static/chunks/2675-fcfa720eaaab6a6a.js → 200 (85ms, 6946B)
[2026-08-14T14:51:05.828Z] GET https://listnr.ai/_next/static/chunks/2962-a0d6e9e71e10b8ff.js → 200 (85ms, 3463B)
[2026-08-14T14:51:05.828Z] GET https://listnr.ai/_next/static/chunks/8159-2ca71cb3e63162ca.js → 200 (85ms, 7508B)
[2026-08-14T14:51:05.828Z] GET https://listnr.ai/_next/static/chunks/1703-60feb2457d8ef6e3.js → 200 (85ms, 3196B)
[2026-08-14T14:51:05.829Z] GET https://listnr.ai/_next/static/chunks/8466-dc403a768d598e93.js → 200 (85ms, 4306B)
[2026-08-14T14:51:05.829Z] GET https://listnr.ai/_next/static/chunks/3910-3b5c459e7a59b22c.js → 200 (85ms, 5508B)
[2026-08-14T14:51:05.829Z] GET https://listnr.ai/_next/static/chunks/pages/index-833cd1f683557645.js → 200 (85ms, 5389B)
[2026-08-14T14:51:05.829Z] GET https://listnr.ai/_next/static/gHsWDUcnHD8Q6q6n_dB-F/_buildManifest.js → 200 (85ms, 5300B)
[2026-08-14T14:51:05.829Z] GET https://listnr.ai/_next/static/gHsWDUcnHD8Q6q6n_dB-F/_ssgManifest.js → 200 (85ms, 887B)
[2026-08-14T14:51:05.829Z] GET https://listnr.ai/cdn-cgi/scripts/5c5dd728/cloudflare-static/email-decode.min.js → 200 (10ms, 1020B)
[2026-08-14T14:51:05.829Z] GET https://static.cloudflareinsights.com/beacon.min.js/v4513226cdae34746b4dedf0b4dfa099e1781791509496 → 200 (2ms, -353B)
[2026-08-14T14:51:05.830Z] GET https://listnr.ai/_next/static/css/475b3b0f80222e58.css → 200 (76ms, 25073B)
[2026-08-14T14:51:05.830Z] GET https://listnr.ai/_next/static/css/3add334ee59f67ac.css → 200 (76ms, 1370B)
[2026-08-14T14:51:05.905Z] GET https://image.lexica.art/full_webp/66c1aeea-70ed-4201-8221-3173216ae1a7 → pending (?ms, ?B)
[2026-08-14T14:51:05.905Z] GET https://image.lexica.art/full_webp/10cd1ca3-2e72-4bf8-a4d3-ed9d2ab63303 → pending (?ms, ?B)
[2026-08-14T14:51:05.905Z] GET https://image.lexica.art/full_webp/053ba445-ef64-4036-8a07-5b2417e5e24a → pending (?ms, ?B)
[2026-08-14T14:51:05.905Z] GET https://listnr.ai/_next/image?url=%2F_next%2Fstatic%2Fmedia%2Flistnr_logo.b7d679bb.svg&w=96&q=75 → 200 (106ms, 2481B)
[2026-08-14T14:51:05.905Z] GET https://listnr.ai/_next/image?url=https%3A%2F%2Fpub-ccb1ce1d251a463e88b81cef7639e95d.r2.dev%2Flogo-full.webp&w=128&q=75 → 200 (117ms, 3000B)
[2026-08-14T14:51:05.905Z] GET https://listnr.ai/_next/image?url=https%3A%2F%2Fupload.wikimedia.org%2Fwikipedia%2Fcommons%2F7%2F7b%2FHonda_Logo.svg&w=128&q=75 → 200 (119ms, 2681B)
[2026-08-14T14:51:05.906Z] GET https://listnr.ai/_next/image?url=https%3A%2F%2Fpub-ccb1ce1d251a463e88b81cef7639e95d.r2.dev%2FCitadel-Logo.webp&w=128&q=75 → 200 (116ms, 2218B)
[2026-08-14T14:51:05.906Z] GET https://listnr.ai/_next/image?url=https%3A%2F%2Fpub-ccb1ce1d251a463e88b81cef7639e95d.r2.dev%2FSM-Logo.svg&w=128&q=75 → 200 (117ms, 8343B)
[2026-08-14T14:51:05.906Z] GET https://listnr.ai/_next/image?url=https%3A%2F%2Fpub-ccb1ce1d251a463e88b81cef7639e95d.r2.dev%2FAmazon_logo.svg&w=128&q=75 → 200 (119ms, 3111B)
[2026-08-14T14:51:05.906Z] GET https://listnr.ai/_next/image?url=https%3A%2F%2Fpub-ccb1ce1d251a463e88b81cef7639e95d.r2.dev%2Fa405c70e-190b-48b6-a3ae-d57067290119.png&w=128&q=75 → 200 (117ms, 3688B)
[2026-08-14T14:51:05.906Z] GET https://listnr.ai/_next/image?url=https%3A%2F%2Fpub-ccb1ce1d251a463e88b81cef7639e95d.r2.dev%2FTTSEditor-66.avif&w=828&q=75 → 200 (118ms, 38311B)
[2026-08-14T14:51:05.942Z] GET https://listnr.ai/noise.svg → 200 (96ms, 881B)
[2026-08-14T14:51:05.964Z] GET https://listnr.ai/cdn-cgi/zaraz/s.js?z=JTdCJTIyZXhlY3V0ZWQlMjIlM0ElNUIlNUQlMkMlMjJ0JTIyJTNBJTIyJTIzMSUyMEZyZWUlMjBBSSUyMFZvaWNlJTIwR2VuZXJhdG9yJTJDJTIwVGV4dCUyMHRvJTIwU3BlZWNoJTIwJTI2JTIwQUklMjBWb2ljZSUyME92ZXIlMjIlMkMlMjJ4JTIyJTNBMC4wNTc2MTg5NjkzOTAzNjY1OSUyQyUyMnclMjIlM0ExMjgwJTJDJTIyaCUyMiUzQTcyMCUyQyUyMmolMjIlM0E3MjAlMkMlMjJlJTIyJTNBMTI4MCUyQyUyMmwlMjIlM0ElMjJodHRwcyUzQSUyRiUyRmxpc3Ruci5haSUyRiUyMiUyQyUyMnIlMjIlM0ElMjIlMjIlMkMlMjJrJTIyJTNBMjQlMkMlMjJuJTIyJTNBJTIyVVRGLTglMjIlMkMlMjJvJTIyJTNBMjQwJTJDJTIycSUyMiUzQSU1QiU1RCU3RA== → 200 (79ms, 4464B)
[2026-08-14T14:51:05.979Z] GET https://listnr.ai/_next/static/chunks/2634.a3b38629d8fdfadd.js → 200 (62ms, 1098B)
[2026-08-14T14:51:05.980Z] GET https://listnr.ai/_next/static/chunks/7070.14547dd93ee9cea3.js → 200 (65ms, 1767B)
[2026-08-14T14:51:05.988Z] GET https://listnr.ai/_next/static/chunks/7587.0f5a0f25b00aeebd.js → 200 (61ms, 879B)
[2026-08-14T14:51:05.988Z] GET https://listnr.ai/_next/static/chunks/6534.74d6d89318029b80.js → 200 (51ms, 878B)
[2026-08-14T14:51:05.988Z] GET https://listnr.ai/_next/static/chunks/2382.28fd20516b665579.js → 200 (56ms, 874B)
[2026-08-14T14:51:05.988Z] GET https://listnr.ai/_next/static/chunks/5614.193439594f0ff82e.js → 200 (55ms, 878B)
[2026-08-14T14:51:05.988Z] GET https://listnr.ai/_next/static/chunks/1854.8bc0eaf13b6b1cba.js → 200 (61ms, 866B)
[2026-08-14T14:51:05.988Z] GET https://listnr.ai/_next/static/chunks/6846.057d07c228ceb70b.js → 200 (55ms, 872B)
[2026-08-14T14:51:05.988Z] GET https://listnr.ai/api/recentBlogs → 200 (69ms, 24402B)
[2026-08-14T14:51:05.997Z] GET https://listnr.ai/_next/static/chunks/9079-86cb1542380d8c9a.js → 503 (37ms, ?B)
[2026-08-14T14:51:05.998Z] GET https://listnr.ai/_next/static/chunks/pages/pricing-dc5fced765a7fd8e.js → 503 (37ms, ?B)
[2026-08-14T14:51:05.998Z] GET https://listnr.ai/_next/static/chunks/312-cc9c347513d7f370.js → 503 (38ms, ?B)
[2026-08-14T14:51:05.998Z] GET https://listnr.ai/_next/static/chunks/736-635c6500bee4ac19.js → 503 (38ms, ?B)
[2026-08-14T14:51:05.998Z] GET https://listnr.ai/_next/static/chunks/pages/voice-cloning-c57de4d8150dfec8.js → 503 (38ms, ?B)
[2026-08-14T14:51:05.998Z] GET https://listnr.ai/_next/static/chunks/3266-23ea7eda0d39d346.js → 503 (39ms, ?B)
[2026-08-14T14:51:05.998Z] GET https://listnr.ai/_next/static/chunks/pages/affiliate-program-4ace489882b37f9e.js → 503 (39ms, ?B)
[2026-08-14T14:51:05.998Z] GET https://listnr.ai/_next/data/gHsWDUcnHD8Q6q6n_dB-F/tools.json → 200 (40ms, 733B)
[2026-08-14T14:51:05.998Z] GET https://listnr.ai/_next/static/chunks/5007-d1c3d9e988b853fe.js → 503 (39ms, ?B)
[2026-08-14T14:51:05.998Z] GET https://listnr.ai/_next/static/chunks/1379-aa9ab6c239f01893.js → 503 (39ms, ?B)
[2026-08-14T14:51:05.998Z] GET https://listnr.ai/_next/static/chunks/pages/tools-9c5a7705fddba7d5.js → 503 (39ms, ?B)
[2026-08-14T14:51:05.998Z] GET https://listnr.ai/_next/data/gHsWDUcnHD8Q6q6n_dB-F/translate.json → 200 (41ms, 689B)
[2026-08-14T14:51:05.998Z] GET https://listnr.ai/_next/static/chunks/6cca205b-9940089d7643f5e2.js → 503 (41ms, ?B)
[2026-08-14T14:51:05.998Z] GET https://listnr.ai/_next/static/chunks/4006-cb6e548224f7a511.js → 503 (40ms, ?B)
[2026-08-14T14:51:05.999Z] GET https://listnr.ai/_next/static/chunks/pages/translate-c2c7f1f4f1a20cf1.js → 503 (39ms, ?B)
[2026-08-14T14:51:05.999Z] GET https://listnr.ai/_next/static/chunks/7878-6659eb6bfcb081bd.js → 200 (58ms, 7767B)
[2026-08-14T14:51:05.999Z] GET https://listnr.ai/_next/static/chunks/1134.ebcaf61e799cc5d9.js → 200 (54ms, 1292B)
[2026-08-14T14:51:06.005Z] GET https://listnr.ai/_next/static/css/3add334ee59f67ac.css → 200 (?ms, -1110B)
[2026-08-14T14:51:06.044Z] GET https://stats.g.doubleclick.net/g/collect?t=dc&aip=1&_r=3&v=1&_v=j86&tid=G-KMCH1PX8G9&cid=6d34ff7b-0ef3-4432-9ba5-25647a2d26ad&_u=KGDAAEADQAAAAC%7E&z=1312381910 → 204 (58ms, ?B)
[2026-08-14T14:51:06.292Z] POST https://listnr.ai/cdn-cgi/rum? → 204 (15ms, 452B)
[2026-08-14T14:51:06.297Z] GET https://www.googletagmanager.com/gtm.js?id=GTM-5LC4Z46D → 200 (122ms, 150876B)
[2026-08-14T14:51:06.297Z] GET https://www.clarity.ms/tag/bhyd0ghu8g → 200 (130ms, 588B)
[2026-08-14T14:51:06.428Z] GET https://scripts.clarity.ms/0.8.69/clarity.js → pending (?ms, ?B)
[2026-08-14T14:51:06.753Z] POST https://n.clarity.ms/collect → 204 (492ms, ?B)
[2026-08-14T14:51:10.109Z] GET https://genny.lovo.ai/ → 402 (226ms, 1836B)
[2026-08-14T14:54:47.913Z] GET https://www.camb.ai/pricing → 200 (185ms, 28921B)
[2026-08-14T14:54:48.135Z] GET https://cdn.prod.website-files.com/695ea1a26b7ae2291df6e438/css/usecamb.webflow.shared.929b8201b.css → 200 (61ms, 42617B)
[2026-08-14T14:54:48.167Z] GET https://events.flow.graph8.com/p.js → 200 (447ms, 36670B)
[2026-08-14T14:54:48.167Z] GET https://d3e54v103j8qbb.cloudfront.net/js/jquery-3.5.1.min.dc5e7f18c8.js?site=695ea1a26b7ae2291df6e438 → 200 (128ms, 31168B)
[2026-08-14T14:54:48.167Z] GET https://cdn.prod.website-files.com/695ea1a26b7ae2291df6e438/js/webflow.schunk.36b8fb49256177c8.js → 200 (47ms, 14184B)
[2026-08-14T14:54:48.167Z] GET https://cdn.prod.website-files.com/695ea1a26b7ae2291df6e438/js/webflow.schunk.ec2873f5235acf58.js → 200 (52ms, 49918B)
[2026-08-14T14:54:48.167Z] GET https://cdn.prod.website-files.com/695ea1a26b7ae2291df6e438/js/webflow.schunk.121b0d7ff03e0f4a.js → 200 (48ms, 1925B)
[2026-08-14T14:54:48.167Z] GET https://cdn.prod.website-files.com/695ea1a26b7ae2291df6e438/js/webflow.558d2bc8.8304e886209a1502.js → 200 (48ms, 1504B)
[2026-08-14T14:54:48.167Z] GET https://cdn.prod.website-files.com/gsap/3.15.0/gsap.min.js → 200 (52ms, 29848B)
[2026-08-14T14:54:48.176Z] GET https://cdn.prod.website-files.com/gsap/3.15.0/ScrollTrigger.min.js → 200 (39ms, 18791B)
[2026-08-14T14:54:48.176Z] GET https://app.termly.io/resource-blocker/0492707d-b700-4cfc-aa97-68655815dcfc → 200 (356ms, 157414B)
[2026-08-14T14:54:48.176Z] GET https://cdn.prod.website-files.com/695ea1a26b7ae2291df6e438%2F689e5ba67671442434f3ca35%2F69ca0d2ddfcea1cd576263b9%2Flearnpagefaqlinks-1.0.2.js → 200 (38ms, 1082B)
[2026-08-14T14:54:48.200Z] GET https://sc.lfeeder.com/lftracker_v1_lAxoEaKrbmW4OYGd.js → 200 (153ms, 12107B)
[2026-08-14T14:54:48.212Z] GET https://cdn.prod.website-files.com/695ea1a26b7ae2291df6e438/69687f3111987bc0a2c2bc17_Vector.png → 200 (83ms, 4735B)
[2026-08-14T14:54:48.212Z] GET https://cdn.prod.website-files.com/695ea1a26b7ae2291df6e438/69606c47cdc5a4b3129db715_InterDisplay-Regular.ttf → 200 (138ms, 184321B)
[2026-08-14T14:54:48.213Z] GET https://cdn.prod.website-files.com/695ea1a26b7ae2291df6e438/69606c47a5b0d52723a9abfc_InterDisplay-Medium.ttf → 200 (138ms, 191132B)
[2026-08-14T14:54:48.213Z] GET https://cdn.prod.website-files.com/695ea1a26b7ae2291df6e438/69606c474909a935073f599a_DMMono-Medium.ttf → 200 (109ms, 27068B)
[2026-08-14T14:54:48.213Z] GET https://cdn.prod.website-files.com/695ea1a26b7ae2291df6e438/69a04220ca0903e282a49dfd_Logo_White-Trademark%202.svg → 200 (81ms, 3665B)
[2026-08-14T14:54:48.213Z] GET https://cdn.prod.website-files.com/695ea1a26b7ae2291df6e438/69698daac186b3be6eb1913e_Dropdown%20Icon.svg → 200 (81ms, 574B)
[2026-08-14T14:54:48.213Z] GET https://cdn.prod.website-files.com/695ea1a26b7ae2291df6e438/6972426d7103639ab4fb2e04_Frame%20(1).png → 200 (108ms, 594B)
[2026-08-14T14:54:48.213Z] GET https://cdn.prod.website-files.com/695ea1a26b7ae2291df6e438/6972426d7103639ab4fb2e08_Frame.svg → 200 (108ms, 779B)
[2026-08-14T14:54:48.213Z] GET https://cdn.prod.website-files.com/695ea1a26b7ae2291df6e438/6972426d7103639ab4fb2e06_Subheading%20Container.png → 200 (108ms, 578B)
[2026-08-14T14:54:48.214Z] GET https://cdn.prod.website-files.com/695ea1a26b7ae2291df6e438/69836ed1235c0995dd99e7e2_cross-small%201.svg → 200 (108ms, 849B)
[2026-08-14T14:54:48.352Z] GET https://cdn.prod.website-files.com/695ea1a26b7ae2291df6e438/69606d452a45e7ffebe64cf3_664c2fdc9b6f576c8ec99b24_logo.svg.svg → 200 (20ms, 3205B)
[2026-08-14T14:54:48.352Z] GET https://cdn.prod.website-files.com/695ea1a26b7ae2291df6e438/69613168992e2fca341c31f1_Frame%202147259156.svg → 200 (21ms, 4146B)
[2026-08-14T14:54:48.352Z] GET https://cdn.prod.website-files.com/695ea1a26b7ae2291df6e438/696fc7b0c7f4fe1173a977f9_discord-icon-svgrepo-com.svg → 200 (26ms, 1545B)
[2026-08-14T14:54:48.352Z] GET https://cdn.prod.website-files.com/695ea1a26b7ae2291df6e438/696143ac8cb5f0418894bb23_X.svg → 200 (28ms, 6050B)
[2026-08-14T14:54:48.352Z] GET https://cdn.prod.website-files.com/695ea1a26b7ae2291df6e438/696143acec1d77ee9b554ab4_LinkedIn.svg → 200 (26ms, 1406B)
[2026-08-14T14:54:48.352Z] GET https://cdn.prod.website-files.com/695ea1a26b7ae2291df6e438/696143ac4ea1693373938312_Youtube.svg → 200 (28ms, 2378B)
[2026-08-14T14:54:48.352Z] GET https://cdn.prod.website-files.com/695ea1a26b7ae2291df6e438/696143ac95c90fb6797ddcef_Instagram.svg → 200 (29ms, 2804B)
[2026-08-14T14:54:48.369Z] GET https://calendly.com/d/cnrq-r2b-fpm/camb-ai-enterprise-plan?hide_event_type_details=1&hide_gdpr_banner=1&primary_color=5b32be → 200 (434ms, 2386B)
[2026-08-14T14:54:48.463Z] GET https://tr-rc.lfeeder.com/?sid=lAxoEaKrbmW4OYGd&data=eyJnYVRyYWNraW5nSWRzIjpbXSwiZ2FNZWFzdXJlbWVudElkcyI6W10sImdhQ2xpZW50SWRzIjpbXSwiY29udGV4dCI6eyJsaWJyYXJ5Ijp7Im5hbWUiOiJsZnRyYWNrZXIiLCJ2ZXJzaW9uIjoiMi43My4yIn0sInBhZ2VVcmwiOiJodHRwczovL3d3dy5jYW1iLmFpL3ByaWNpbmciLCJwYWdlVGl0bGUiOiJDQU1CLkFJIFByaWNpbmcgfCBBSSBUZXh0IHRvIFNwZWVjaCwgRHViYmluZyAmIFN0cmVhbWluZyIsInJlZmVycmVyIjoiIn0sImV2ZW50IjoidHJhY2tpbmctZXZlbnQiLCJjbGllbnRFdmVudElkIjoiZGUzYTBkODM2ZTZmMDMzOCIsInNjcmlwdElkIjoibEF4b0VhS3JibVc0T1lHZCIsImNvb2tpZXNFbmFibGVkIjp0cnVlLCJjb25zZW50TGV2ZWwiOiJub25lIiwiYW5vbnltaXplSXAiOmZhbHNlLCJsZkNsaWVudElkIjoiTEYxLjEuYzY1NjFmOTA0M2Q3YjNmMS4xNzg2NzE5Mjg4NDYxIiwiZm9yZWlnbkNvb2tpZXMiOltdLCJwcm9wZXJ0aWVzIjp7fSwiYXV0b1RyYWNraW5nRW5hYmxlZCI6dHJ1ZSwiYXV0b1RyYWNraW5nTW9kZSI6InNwYSJ9 → 200 (151ms, 319B)
[2026-08-14T14:54:48.678Z] POST https://app.termly.io/api/v1/snippets/websites/0492707d-b700-4cfc-aa97-68655815dcfc/statistics → pending (?ms, ?B)
[2026-08-14T14:54:48.681Z] GET https://app.termly.io/api/v1/snippets/websites/0492707d-b700-4cfc-aa97-68655815dcfc/cookies?lang=en → 200 (160ms, 3448B)
[2026-08-14T14:54:48.692Z] GET https://app.termly.io/resource-blocker/support/377-f7249a336bb09cd9dd2c.min.js → 200 (111ms, 807B)
[2026-08-14T14:54:48.692Z] GET https://app.termly.io/resource-blocker/i18n/en.json?v=d9eb9dc → 200 (138ms, 3474B)
[2026-08-14T14:54:48.705Z] POST https://events.flow.graph8.com/api/s/page → pending (?ms, ?B)
[2026-08-14T14:54:48.804Z] GET https://app.termly.io/resource-blocker/support/22-aa137dc6398234339a44.min.js → 200 (33ms, 7321B)
[2026-08-14T14:54:48.804Z] GET https://app.termly.io/resource-blocker/support/808-4356e17da36948ba247d.min.js → 200 (33ms, 3298B)
[2026-08-14T14:54:48.807Z] GET https://assets.calendly.com/assets/booking/css/booking-75a664daa.css → 200 (49ms, ?B)
[2026-08-14T14:54:48.808Z] GET https://assets.calendly.com/pxwebj3qd.js → 200 (46ms, 129962B)
[2026-08-14T14:54:48.808Z] GET https://assets.calendly.com/assets/booking/js/booking-cb9565ca7.js → pending (?ms, ?B)
[2026-08-14T14:54:48.841Z] GET https://app.termly.io/resource-blocker/support/524-db0ed888a52117700fb6.min.js → pending (?ms, ?B)
[2026-08-14T14:54:49.059Z] GET https://app.graph8.com/chat-app/chatbot-widget.min.js → 200 (344ms, 18611B)
[2026-08-14T14:54:49.059Z] GET https://a.usbrowserspeed.com/cs?pid=2fb54dd76e341dd31b2d40d8a33a6de797541e7bd3a18707cf380063062fa936&puid=njs.8da50fa3a70a95e083957b0d321c:ca53a815b6d449aa0a4bbcd70c7b.d16e19ed-9ce5-4c7c-a570-b59c35816b98 → 204 (343ms, 148B)
[2026-08-14T14:54:49.402Z] GET https://assets.calendly.com/assets/booking/js/284-90448283d.chunk.js → 200 (1ms, 981B)
[2026-08-14T14:54:49.402Z] GET https://assets.calendly.com/assets/booking/js/246-3627b8b36.chunk.js → 200 (2ms, 7157B)
[2026-08-14T14:54:49.402Z] GET https://js.stripe.com/v3 → 200 (171ms, 460B)
[2026-08-14T14:54:49.421Z] GET https://calendly.com/api/booking/initial_settings → 200 (102ms, 1817B)
[2026-08-14T14:54:49.422Z] GET https://be.graph8.com/api/v1/webchat/config?org_id=org_3f157c550a504a3b&surface=external → 200 (253ms, 1124B)
[2026-08-14T14:54:50.778Z] GET https://js.stripe.com/v3/m-outer-3437aaddcdf6922d623e172c2d6f9278.html → 200 (?ms, -1321B)
[2026-08-14T14:54:50.825Z] GET https://js.stripe.com/v3/fingerprinted/js/m-outer-15a2b40a058ddff1cffdb63779fe3de1.js → 200 (9ms, -603B)
[2026-08-14T14:54:50.835Z] GET https://m.stripe.network/inner.html → pending (?ms, ?B)
[2026-08-14T14:54:50.955Z] GET https://m.stripe.network/out-4.5.45.js → 200 (17ms, 338B)
[2026-08-14T14:54:51.062Z] POST https://m.stripe.com/6 → 200 (252ms, 580B)
[2026-08-14T14:54:51.963Z] GET https://podcastle.ai/api → 308 (54ms, ?B)
[2026-08-14T14:54:52.018Z] GET https://async.com/api → 401 (125ms, 254B)
[2026-08-14T14:54:55.369Z] GET https://www.audiostack.ai/pricing → 301 (97ms, 44B)
[2026-08-14T14:54:55.467Z] GET https://audiostack.ai/pricing → pending (?ms, ?B)
[2026-08-14T14:54:56.413Z] GET https://audiostack.ai/_next/static/css/9bc77766c996d10a.css → 200 (158ms, 1144B)
[2026-08-14T14:54:56.413Z] GET https://audiostack.ai/_next/static/css/e6d355634bdf4814.css → 200 (135ms, 1234B)
[2026-08-14T14:54:56.413Z] GET https://audiostack.ai/_next/static/chunks/webpack-4e2d4871aeb09552.js → 200 (252ms, 1819B)
[2026-08-14T14:54:56.415Z] GET https://audiostack.ai/_next/static/chunks/framework-5590db351d88ed9f.js → 200 (262ms, 43512B)
[2026-08-14T14:54:56.415Z] GET https://audiostack.ai/_next/static/chunks/main-ecf5e693da112eab.js → 200 (268ms, 35553B)
[2026-08-14T14:54:56.415Z] GET https://audiostack.ai/_next/static/chunks/pages/_app-a611726848ccbd0f.js → 200 (276ms, 170925B)
[2026-08-14T14:54:56.415Z] GET https://audiostack.ai/_next/static/chunks/3-509fdd405ab05131.js → 200 (258ms, 26525B)
[2026-08-14T14:54:56.417Z] GET https://audiostack.ai/_next/static/chunks/5196-905ee7a66c974ce2.js → 200 (265ms, 24400B)
[2026-08-14T14:54:56.417Z] GET https://audiostack.ai/_next/static/chunks/pages/404-76439a1054c0fba6.js → 200 (256ms, 801B)
[2026-08-14T14:54:56.417Z] GET https://audiostack.ai/_next/static/xpt1jEqB7oWvABf4sovh5/_buildManifest.js → 200 (248ms, 1828B)
[2026-08-14T14:54:56.417Z] GET https://audiostack.ai/_next/static/xpt1jEqB7oWvABf4sovh5/_ssgManifest.js → 200 (155ms, 831B)
[2026-08-14T14:54:56.418Z] GET https://www.googletagmanager.com/gtm.js?id=GTM-T3KZ8MGQ → 200 (148ms, 123567B)
[2026-08-14T14:54:56.576Z] GET https://www.googletagmanager.com/gtag/js?id=G-N3JV7VMQ3V&cx=c&gtm=4e68c1 → 200 (215ms, 175679B)
[2026-08-14T14:54:56.610Z] GET https://audiostack.ai/_next/static/media/inter-latin-400-normal.493934f7.woff2 → 200 (114ms, 16826B)
[2026-08-14T14:54:56.610Z] GET https://audiostack.ai/_next/static/media/montserrat-latin-700-normal.dd574269.woff2 → 200 (115ms, 12958B)
[2026-08-14T14:54:56.610Z] GET https://audiostack.ai/_next/static/media/roboto-latin-400-normal.f2894edc.woff2 → 200 (115ms, 15853B)
[2026-08-14T14:54:56.610Z] GET https://audiostack.ai/_next/static/media/AICPA.ea11fd31.svg → 200 (254ms, ?B)
[2026-08-14T14:54:56.610Z] GET https://audiostack.ai/_next/static/media/GDPR.11197cda.svg → 200 (259ms, ?B)
[2026-08-14T14:54:56.610Z] GET https://audiostack.ai/_next/static/media/AWS_QualifiedSoftware.5c35d931.svg → 200 (259ms, ?B)
[2026-08-14T14:54:56.610Z] GET https://audiostack.ai/_next/static/media/CAI_Logo.cea309d3.svg → pending (?ms, ?B)
[2026-08-14T14:54:56.610Z] GET https://audiostack.ai/_next/static/media/iab.8b628ade.svg → pending (?ms, ?B)
[2026-08-14T14:54:56.611Z] GET https://audiostack.ai/_next/static/media/iabMember.748db2b2.svg → 200 (253ms, ?B)
[2026-08-14T14:54:56.611Z] GET https://audiostack.ai/_next/image?url=%2F_next%2Fstatic%2Fmedia%2FAAO.4377123b.png&w=48&q=75 → pending (?ms, ?B)
[2026-08-14T14:54:56.611Z] GET https://cdn.getkoala.com/v1/pk_7ee82575cea4408af385c486f1c290e50377/sdk.js → pending (?ms, ?B)
[2026-08-14T14:54:56.724Z] GET https://eu-assets.i.posthog.com/array/phc_GZyVHVmGplOtgh04GPQDiVquAXXSUw1QPcFHS5rA6aN/config.js → pending (?ms, ?B)
[2026-08-14T14:54:56.724Z] POST https://eu.i.posthog.com/flags/?v=2&config=true&ip=0&_=1786719296719&ver=1.256.2&compression=base64 → pending (?ms, ?B)
[2026-08-14T14:54:56.765Z] GET https://sc.lfeeder.com/lftracker_v1_kn9Eq4RJJml4RlvP.js → pending (?ms, ?B)
[2026-08-14T14:54:56.765Z] GET https://global.ketchcdn.com/web/v2/config/audiostack/website_smart_tag/boot.js → pending (?ms, ?B)
[2026-08-14T14:54:56.766Z] GET https://widget.intercom.io/widget/zjqrx0ni → pending (?ms, ?B)
[2026-08-14T14:54:56.766Z] GET https://audiostack.ai/_next/static/chunks/20-9d5069c2ef638011.js → pending (?ms, ?B)
[2026-08-14T14:54:56.766Z] GET https://audiostack.ai/_next/static/chunks/pages/technology-b3ac671ac9d779d8.js → pending (?ms, ?B)
[2026-08-14T14:54:56.766Z] GET https://audiostack.ai/_next/data/xpt1jEqB7oWvABf4sovh5/en.json → pending (?ms, ?B)
[2026-08-14T14:54:56.766Z] GET https://audiostack.ai/_next/static/chunks/6503-294b423628e7b4bc.js → pending (?ms, ?B)
[2026-08-14T14:54:56.766Z] GET https://audiostack.ai/_next/static/chunks/6037-91ab7e0a845faef5.js → pending (?ms, ?B)
[2026-08-14T14:54:56.766Z] GET https://audiostack.ai/_next/static/chunks/pages/index-c4899a8ed4d1719b.js → pending (?ms, ?B)
[2026-08-14T14:54:56.766Z] GET https://audiostack.ai/_next/static/chunks/pages/solutions/agencies-brands-490b736a152fcba9.js → pending (?ms, ?B)
[2026-08-14T14:54:56.766Z] GET https://audiostack.ai/_next/static/chunks/pages/solutions/adtech-platforms-a3cee9cd6b6a025f.js → pending (?ms, ?B)
[2026-08-14T14:54:56.766Z] GET https://audiostack.ai/_next/static/chunks/pages/solutions/radio-streaming-publishers-1f5c494f1a356b62.js → pending (?ms, ?B)
[2026-08-14T14:54:56.766Z] GET https://audiostack.ai/_next/static/chunks/pages/products/instant-creative-2cbffa1fad328192.js → pending (?ms, ?B)
[2026-08-14T14:54:56.766Z] GET https://audiostack.ai/_next/static/chunks/pages/products/dynamic-creative-32eb81ee6f7d5213.js → pending (?ms, ?B)
[2026-08-14T14:54:56.766Z] GET https://audiostack.ai/_next/data/xpt1jEqB7oWvABf4sovh5/en/news.json → pending (?ms, ?B)
[2026-08-14T14:54:56.767Z] GET https://audiostack.ai/_next/static/chunks/3831-823f29e3abf894ea.js → pending (?ms, ?B)
[2026-08-14T14:54:56.767Z] GET https://audiostack.ai/_next/static/chunks/pages/news-8c07d1a43b70e15c.js → pending (?ms, ?B)
[2026-08-14T14:54:56.767Z] GET https://audiostack.ai/_next/data/xpt1jEqB7oWvABf4sovh5/en/resources/insights-research.json → pending (?ms, ?B)
[2026-08-14T14:54:56.767Z] GET https://audiostack.ai/_next/static/chunks/pages/resources/insights-research-b1e5c514e6f01ec0.js → pending (?ms, ?B)
[2026-08-14T14:54:56.767Z] GET https://audiostack.ai/_next/data/xpt1jEqB7oWvABf4sovh5/en/resources/case-studies.json → pending (?ms, ?B)
[2026-08-14T14:54:56.769Z] GET https://audiostack.ai/_next/static/chunks/pages/resources/case-studies-45eb7be4084a5d0a.js → pending (?ms, ?B)
[2026-08-14T14:54:56.769Z] GET https://audiostack.ai/_next/data/xpt1jEqB7oWvABf4sovh5/en/about-us.json → pending (?ms, ?B)
[2026-08-14T14:54:56.769Z] GET https://audiostack.ai/_next/static/chunks/pages/about-us-ab9c38b30651111d.js → pending (?ms, ?B)
[2026-08-14T14:54:56.769Z] GET https://audiostack.ai/_next/data/xpt1jEqB7oWvABf4sovh5/en/trust-security.json → pending (?ms, ?B)
[2026-08-14T14:54:56.769Z] GET https://audiostack.ai/_next/static/chunks/pages/trust-security-e8dc87aab89b5e49.js → pending (?ms, ?B)
[2026-08-14T14:54:56.769Z] GET https://audiostack.ai/_next/data/xpt1jEqB7oWvABf4sovh5/en/legal/impressum.json → pending (?ms, ?B)
[2026-08-14T14:54:56.769Z] GET https://audiostack.ai/_next/static/chunks/5504-2340badc670887f2.js → pending (?ms, ?B)
[2026-08-14T14:54:56.769Z] GET https://audiostack.ai/_next/static/chunks/2459-e41abc2daa664fcc.js → pending (?ms, ?B)
[2026-08-14T14:54:56.769Z] GET https://audiostack.ai/_next/static/chunks/pages/legal/impressum-f8c47c7f8d660679.js → pending (?ms, ?B)
[2026-08-14T14:54:56.770Z] GET https://audiostack.ai/_next/data/xpt1jEqB7oWvABf4sovh5/en/legal/terms-of-service.json → pending (?ms, ?B)
[2026-08-14T14:54:56.770Z] GET https://audiostack.ai/_next/static/chunks/pages/legal/terms-of-service-4eaa02abc59887b7.js → pending (?ms, ?B)
[2026-08-14T14:54:56.770Z] GET https://audiostack.ai/_next/data/xpt1jEqB7oWvABf4sovh5/en/legal/privacy-policy.json → pending (?ms, ?B)
[2026-08-14T14:54:56.770Z] GET https://audiostack.ai/_next/static/chunks/pages/legal/privacy-policy-dec6b9e26d59ed25.js → pending (?ms, ?B)
[2026-08-14T14:54:56.770Z] GET https://audiostack.ai/_next/static/chunks/20-9d5069c2ef638011.js → pending (?ms, ?B)
[2026-08-14T14:54:56.770Z] GET https://audiostack.ai/_next/static/chunks/pages/technology-b3ac671ac9d779d8.js → pending (?ms, ?B)
[2026-08-14T14:54:56.770Z] GET https://audiostack.ai/_next/static/css/e6d355634bdf4814.css → 200 (18ms, -548B)
[2026-08-14T14:54:56.805Z] POST https://analytics.google.com/g/collect?v=2&tid=G-N3JV7VMQ3V&gtm=45je68c1v9126963365z89179337014za20gzb9179337014zd9179337014&_p=1786719296411&_gaz=1&gcd=13l3l3l3l1l1&npa=0&dma=0&_eu=AAAAAGAC&are=1&cid=1920749998.1786719297&frm=0&pscdl=noapi&rcb=3&sr=1280x720&uaa=arm&uab=64&uafvl=Not%253AA-Brand%3B99.0.0.0%7CHeadlessChrome%3B145.0.7632.6%7CChromium%3B145.0.7632.6&uam=&uamb=0&uap=macOS&uapv=26.5.1&uaw=0&ul=en-us&gaf=2&_s=1&tag_exp=115938466~115938468~118897920~118897930~119367802~119367810~119527019~120385422&sid=1786719296&sct=1&seg=0&dl=https%3A%2F%2Faudiostack.ai%2Fpricing&dt=404%3A%20This%20page%20could%20not%20be%20found&en=page_view&_fv=1&_nsi=1&_ss=1&tfd=1435 → pending (?ms, ?B)
[2026-08-14T14:54:56.805Z] POST https://stats.g.doubleclick.net/g/collect?v=2&tid=G-N3JV7VMQ3V&cid=1920749998.1786719297&gtm=45je68c1v9126963365z89179337014za20gzb9179337014zd9179337014&rcb=3&aip=1&dma=0&gcd=13l3l3l3l1l1&npa=0&frm=0&tag_exp=115938466~115938468~118897920~118897930~119367802~119367810~119527019~120385422 → pending (?ms, ?B)
[2026-08-14T14:54:56.805Z] GET https://www.google.ca/ads/ga-audiences?v=1&t=sr&slf_rd=1&_r=4&tid=G-N3JV7VMQ3V&cid=1920749998.1786719297&gtm=45je68c1v9126963365z89179337014za20gzb9179337014zd9179337014&rcb=3&aip=1&dma=0&gcd=13l3l3l3l1l1&npa=0&frm=0&tag_exp=115938466~115938468~118897920~118897930~119367802~119367810~119527019~120385422&z=1875850909 → pending (?ms, ?B)
[2026-08-14T14:54:56.939Z] GET https://audiostack.ai/_next/data/xpt1jEqB7oWvABf4sovh5/en/contact-us.json → pending (?ms, ?B)
[2026-08-14T14:54:56.939Z] GET https://audiostack.ai/_next/static/chunks/pages/contact-us-b479d7b1f5891ab6.js → 200 (250ms, 2390B)
[2026-08-14T14:54:56.952Z] GET https://audiostack.ai/_next/static/chunks/6503-294b423628e7b4bc.js → 200 (81ms, -562B)
[2026-08-14T14:54:56.952Z] GET https://audiostack.ai/_next/static/chunks/pages/solutions/agencies-brands-490b736a152fcba9.js → 200 (103ms, 9043B)
[2026-08-14T14:54:57.012Z] GET https://audiostack.ai/_next/static/chunks/6037-91ab7e0a845faef5.js → 200 (34ms, -562B)
[2026-08-14T14:54:57.012Z] GET https://audiostack.ai/_next/static/chunks/pages/solutions/adtech-platforms-a3cee9cd6b6a025f.js → 200 (?ms, -562B)
[2026-08-14T14:54:57.024Z] GET https://audiostack.ai/_next/static/chunks/pages/solutions/radio-streaming-publishers-1f5c494f1a356b62.js → 200 (?ms, -562B)
[2026-08-14T14:54:57.052Z] GET https://audiostack.ai/_next/static/chunks/pages/resources/case-studies-45eb7be4084a5d0a.js → 200 (?ms, 3692B)
[2026-08-14T14:54:57.056Z] GET https://audiostack.ai/_next/static/chunks/pages/about-us-ab9c38b30651111d.js → 200 (27ms, 7632B)
[2026-08-14T14:54:57.056Z] GET https://audiostack.ai/_next/static/chunks/pages/products/instant-creative-2cbffa1fad328192.js → 200 (29ms, 5834B)
[2026-08-14T14:54:57.056Z] GET https://audiostack.ai/_next/static/chunks/pages/index-c4899a8ed4d1719b.js → 200 (33ms, -562B)
[2026-08-14T14:54:57.061Z] GET https://audiostack.ai/_next/static/chunks/pages/resources/insights-research-b1e5c514e6f01ec0.js → 200 (40ms, 2406B)
[2026-08-14T14:54:57.061Z] GET https://audiostack.ai/_next/static/chunks/3831-823f29e3abf894ea.js → 200 (42ms, 22190B)
[2026-08-14T14:54:57.061Z] GET https://audiostack.ai/_next/static/chunks/pages/news-8c07d1a43b70e15c.js → 200 (40ms, -562B)
[2026-08-14T14:54:57.107Z] GET https://cdn.ketchjs.com/ketchtag/stable/v2.12/ketch-sdk.js → 200 (296ms, 332793B)
[2026-08-14T14:54:57.107Z] GET https://audiostack.ai/_next/static/chunks/5504-2340badc670887f2.js → 200 (2ms, 14642B)
[2026-08-14T14:54:57.108Z] GET https://audiostack.ai/_next/static/chunks/2459-e41abc2daa664fcc.js → 200 (1ms, 2489B)
[2026-08-14T14:54:57.108Z] GET https://audiostack.ai/_next/static/chunks/pages/legal/privacy-policy-dec6b9e26d59ed25.js → 200 (2ms, 1031B)
[2026-08-14T14:54:57.108Z] GET https://audiostack.ai/_next/static/css/44cf8e23d23639ec.css → 200 (120ms, 1389B)
[2026-08-14T14:54:57.108Z] GET https://audiostack.ai/_next/static/chunks/pages/legal/impressum-f8c47c7f8d660679.js → 200 (2ms, -583B)
[2026-08-14T14:54:57.108Z] GET https://audiostack.ai/_next/static/chunks/pages/legal/terms-of-service-4eaa02abc59887b7.js → 200 (2ms, 1147B)
[2026-08-14T14:54:57.109Z] GET https://audiostack.ai/_next/static/chunks/pages/products/dynamic-creative-32eb81ee6f7d5213.js → 200 (1ms, 8292B)
[2026-08-14T14:54:57.111Z] GET https://audiostack.ai/_next/static/chunks/pages/trust-security-e8dc87aab89b5e49.js → 200 (?ms, 8977B)
[2026-08-14T14:54:57.204Z] GET https://audiostack.ai/_next/static/chunks/pages/contact-us-b479d7b1f5891ab6.js → 200 (?ms, -562B)
[2026-08-14T14:54:57.297Z] GET https://tr-rc.lfeeder.com/?sid=kn9Eq4RJJml4RlvP&data=eyJnYVRyYWNraW5nSWRzIjpbXSwiZ2FNZWFzdXJlbWVudElkcyI6WyJHLU4zSlY3Vk1RM1YiXSwiZ2FDbGllbnRJZHMiOlsiMTkyMDc0OTk5OC4xNzg2NzE5Mjk3Il0sImNvbnRleHQiOnsibGlicmFyeSI6eyJuYW1lIjoibGZ0cmFja2VyIiwidmVyc2lvbiI6IjIuNzMuMiJ9LCJwYWdlVXJsIjoiaHR0cHM6Ly9hdWRpb3N0YWNrLmFpL3ByaWNpbmciLCJwYWdlVGl0bGUiOiI0MDQ6IFRoaXMgcGFnZSBjb3VsZCBub3QgYmUgZm91bmQiLCJyZWZlcnJlciI6IiJ9LCJldmVudCI6InRyYWNraW5nLWV2ZW50IiwiY2xpZW50RXZlbnRJZCI6ImEwMWQ1NzJmZTAzYWI5MDciLCJzY3JpcHRJZCI6ImtuOUVxNFJKSm1sNFJsdlAiLCJjb29raWVzRW5hYmxlZCI6ZmFsc2UsImNvbnNlbnRMZXZlbCI6Im5vbmUiLCJhbm9ueW1pemVJcCI6ZmFsc2UsImxmQ2xpZW50SWQiOiJMRjEuMS5jZTQxNWM4ODI0YWE3MTM0LjE3ODY3MTkyOTcyOTQuQ00iLCJmb3JlaWduQ29va2llcyI6W10sInByb3BlcnRpZXMiOnt9LCJhdXRvVHJhY2tpbmdFbmFibGVkIjp0cnVlLCJhdXRvVHJhY2tpbmdNb2RlIjoic3BhIn0= → 200 (169ms, 316B)
[2026-08-14T14:54:57.465Z] GET https://global.ketchcdn.com/web/v3/ip → 200 (44ms, 480B)
[2026-08-14T14:54:57.510Z] GET https://global.ketchcdn.com/web/v3/config/audiostack/website_smart_tag/production/default/en/config.json?hash=17543283955322384354 → 200 (243ms, 10818B)
[2026-08-14T14:55:00.145Z] GET https://www.naturalreaders.com/commercial.html → 200 (189ms, 1245B)
[2026-08-14T14:55:00.353Z] GET https://www.naturalreaders.com/comm.html → 200 (31ms, 22096B)
[2026-08-14T14:55:00.388Z] GET https://fonts.googleapis.com/css2?family=Poppins:wght@400;500;600;700&display=swap → 200 (141ms, 582B)
[2026-08-14T14:55:00.388Z] GET https://www.naturalreaders.com/comfiles/commercial/img/1.webp → 200 (142ms, 7837B)
[2026-08-14T14:55:00.388Z] GET https://www.naturalreaders.com/comfiles/commercial/new/built_1.webp → 200 (30ms, 28952B)
[2026-08-14T14:55:00.388Z] GET https://www.naturalreaders.com/comfiles/commercial/new/built_2.webp → 200 (36ms, 17041B)
[2026-08-14T14:55:00.388Z] GET https://www.naturalreaders.com/comfiles/commercial/new/built_3.webp → 200 (36ms, 21668B)
[2026-08-14T14:55:00.388Z] GET https://www.naturalreaders.com/comfiles/commercial/new/built_4.webp → 200 (141ms, 32054B)
[2026-08-14T14:55:00.388Z] GET https://www.naturalreaders.com/comfiles/commercial/new/comm.css → 200 (26ms, 5328B)
[2026-08-14T14:55:00.388Z] GET https://code.jquery.com/jquery-4.0.0.min.js → 200 (214ms, 27885B)
[2026-08-14T14:55:00.388Z] GET https://cdn.jsdelivr.net/npm/bootstrap@5.3.3/dist/js/bootstrap.bundle.min.js → 200 (34ms, 24877B)
[2026-08-14T14:55:00.388Z] GET https://www.naturalreaders.com/comfiles/commercial/js/lazysizes.min.js → 200 (22ms, 3746B)
[2026-08-14T14:55:00.388Z] GET https://www.naturalreaders.com/comfiles/commercial/new/comm.js → 200 (32ms, 10878B)
[2026-08-14T14:55:00.601Z] GET https://fonts.gstatic.com/s/poppins/v24/pxiByp8kv8JHgFVrLGT9Z1xlFd2JQEk.woff2 → 200 (66ms, 7767B)
[2026-08-14T14:55:00.601Z] GET https://fonts.gstatic.com/s/poppins/v24/pxiEyp8kv8JHgFVrJJfecnFHGPc.woff2 → 200 (64ms, 7927B)
[2026-08-14T14:55:00.601Z] GET https://fonts.gstatic.com/s/poppins/v24/pxiByp8kv8JHgFVrLCz7Z1xlFd2JQEk.woff2 → 200 (65ms, 7875B)
[2026-08-14T14:55:00.667Z] GET https://widget.intercom.io/widget/vccymf6u → 200 (30ms, 3704B)
[2026-08-14T14:55:15.962Z] GET https://www.camb.ai/pricing → 200 (101ms, 81B)
[2026-08-14T14:55:16.183Z] GET https://cdn.prod.website-files.com/695ea1a26b7ae2291df6e438/css/usecamb.webflow.shared.929b8201b.css → 200 (11ms, -798B)
[2026-08-14T14:55:16.186Z] GET https://events.flow.graph8.com/p.js → 200 (81ms, -222B)
[2026-08-14T14:55:16.186Z] GET https://d3e54v103j8qbb.cloudfront.net/js/jquery-3.5.1.min.dc5e7f18c8.js?site=695ea1a26b7ae2291df6e438 → 200 (75ms, -597B)
[2026-08-14T14:55:16.186Z] GET https://cdn.prod.website-files.com/695ea1a26b7ae2291df6e438/js/webflow.schunk.36b8fb49256177c8.js → 200 (75ms, -807B)
[2026-08-14T14:55:16.186Z] GET https://cdn.prod.website-files.com/695ea1a26b7ae2291df6e438/js/webflow.schunk.ec2873f5235acf58.js → 200 (92ms, -806B)
[2026-08-14T14:55:16.186Z] GET https://cdn.prod.website-files.com/695ea1a26b7ae2291df6e438/js/webflow.schunk.121b0d7ff03e0f4a.js → 200 (81ms, -807B)
[2026-08-14T14:55:16.186Z] GET https://cdn.prod.website-files.com/695ea1a26b7ae2291df6e438/js/webflow.558d2bc8.8304e886209a1502.js → 200 (81ms, -806B)
[2026-08-14T14:55:16.194Z] GET https://cdn.prod.website-files.com/gsap/3.15.0/gsap.min.js → 200 (79ms, -623B)
[2026-08-14T14:55:16.194Z] GET https://cdn.prod.website-files.com/gsap/3.15.0/ScrollTrigger.min.js → 200 (79ms, -603B)
[2026-08-14T14:55:16.194Z] GET https://app.termly.io/resource-blocker/0492707d-b700-4cfc-aa97-68655815dcfc → 200 (84ms, -340B)
[2026-08-14T14:55:16.194Z] GET https://cdn.prod.website-files.com/695ea1a26b7ae2291df6e438%2F689e5ba67671442434f3ca35%2F69ca0d2ddfcea1cd576263b9%2Flearnpagefaqlinks-1.0.2.js → 200 (79ms, -718B)
[2026-08-14T14:55:16.195Z] GET https://sc.lfeeder.com/lftracker_v1_lAxoEaKrbmW4OYGd.js → 200 (83ms, -623B)
[2026-08-14T14:55:16.257Z] GET https://cdn.prod.website-files.com/695ea1a26b7ae2291df6e438/69687f3111987bc0a2c2bc17_Vector.png → 200 (2ms, -680B)
[2026-08-14T14:55:16.257Z] GET https://cdn.prod.website-files.com/695ea1a26b7ae2291df6e438/69606c47cdc5a4b3129db715_InterDisplay-Regular.ttf → 200 (3ms, -860B)
[2026-08-14T14:55:16.257Z] GET https://cdn.prod.website-files.com/695ea1a26b7ae2291df6e438/69606c47a5b0d52723a9abfc_InterDisplay-Medium.ttf → 200 (4ms, -860B)
[2026-08-14T14:55:16.257Z] GET https://cdn.prod.website-files.com/695ea1a26b7ae2291df6e438/69606c474909a935073f599a_DMMono-Medium.ttf → 200 (3ms, -810B)
[2026-08-14T14:55:16.257Z] GET https://cdn.prod.website-files.com/695ea1a26b7ae2291df6e438/69a04220ca0903e282a49dfd_Logo_White-Trademark%202.svg → 200 (8ms, -655B)
[2026-08-14T14:55:16.257Z] GET https://cdn.prod.website-files.com/695ea1a26b7ae2291df6e438/69698daac186b3be6eb1913e_Dropdown%20Icon.svg → 200 (8ms, -672B)
[2026-08-14T14:55:16.259Z] GET https://cdn.prod.website-files.com/695ea1a26b7ae2291df6e438/6972426d7103639ab4fb2e04_Frame%20(1).png → 200 (6ms, -686B)
[2026-08-14T14:55:16.259Z] GET https://cdn.prod.website-files.com/695ea1a26b7ae2291df6e438/6972426d7103639ab4fb2e08_Frame.svg → 200 (6ms, -672B)
[2026-08-14T14:55:16.259Z] GET https://cdn.prod.website-files.com/695ea1a26b7ae2291df6e438/6972426d7103639ab4fb2e06_Subheading%20Container.png → 200 (7ms, -666B)
[2026-08-14T14:55:16.259Z] GET https://cdn.prod.website-files.com/695ea1a26b7ae2291df6e438/69836ed1235c0995dd99e7e2_cross-small%201.svg → 200 (7ms, -664B)
[2026-08-14T14:55:16.293Z] GET https://cdn.prod.website-files.com/695ea1a26b7ae2291df6e438/69606d452a45e7ffebe64cf3_664c2fdc9b6f576c8ec99b24_logo.svg.svg → 200 (39ms, -651B)
[2026-08-14T14:55:16.293Z] GET https://cdn.prod.website-files.com/695ea1a26b7ae2291df6e438/69613168992e2fca341c31f1_Frame%202147259156.svg → 200 (39ms, -664B)
[2026-08-14T14:55:16.293Z] GET https://cdn.prod.website-files.com/695ea1a26b7ae2291df6e438/696fc7b0c7f4fe1173a977f9_discord-icon-svgrepo-com.svg → 200 (39ms, -652B)
[2026-08-14T14:55:16.293Z] GET https://cdn.prod.website-files.com/695ea1a26b7ae2291df6e438/696143ac8cb5f0418894bb23_X.svg → 200 (39ms, -684B)
[2026-08-14T14:55:16.293Z] GET https://cdn.prod.website-files.com/695ea1a26b7ae2291df6e438/696143acec1d77ee9b554ab4_LinkedIn.svg → 200 (39ms, -671B)
[2026-08-14T14:55:16.293Z] GET https://cdn.prod.website-files.com/695ea1a26b7ae2291df6e438/696143ac4ea1693373938312_Youtube.svg → 200 (43ms, -672B)
[2026-08-14T14:55:16.293Z] GET https://cdn.prod.website-files.com/695ea1a26b7ae2291df6e438/696143ac95c90fb6797ddcef_Instagram.svg → 200 (43ms, -671B)
[2026-08-14T14:55:16.301Z] GET https://calendly.com/d/cnrq-r2b-fpm/camb-ai-enterprise-plan?hide_event_type_details=1&hide_gdpr_banner=1&primary_color=5b32be → 200 (287ms, 2225B)
[2026-08-14T14:55:16.339Z] POST https://app.termly.io/api/v1/snippets/websites/0492707d-b700-4cfc-aa97-68655815dcfc/statistics → 201 (93ms, 685B)
[2026-08-14T14:55:16.339Z] GET https://app.termly.io/api/v1/snippets/websites/0492707d-b700-4cfc-aa97-68655815dcfc/cookies?lang=en → 200 (9ms, -1121B)
[2026-08-14T14:55:16.397Z] GET https://app.termly.io/resource-blocker/support/377-f7249a336bb09cd9dd2c.min.js → 200 (2ms, -766B)
[2026-08-14T14:55:16.397Z] GET https://app.termly.io/resource-blocker/i18n/en.json?v=d9eb9dc → 200 (34ms, -560B)
[2026-08-14T14:55:16.399Z] POST https://events.flow.graph8.com/api/s/page → 200 (15ms, 3626B)
[2026-08-14T14:55:16.400Z] GET https://app.termly.io/resource-blocker/support/22-aa137dc6398234339a44.min.js → 200 (?ms, -812B)
[2026-08-14T14:55:16.400Z] GET https://app.termly.io/resource-blocker/support/808-4356e17da36948ba247d.min.js → 200 (?ms, -812B)
[2026-08-14T14:55:16.400Z] GET https://app.termly.io/resource-blocker/support/524-db0ed888a52117700fb6.min.js → 200 (?ms, -812B)
[2026-08-14T14:55:16.419Z] GET https://app.graph8.com/chat-app/chatbot-widget.min.js → 200 (?ms, -1213B)
[2026-08-14T14:55:16.419Z] GET https://a.usbrowserspeed.com/cs?pid=2fb54dd76e341dd31b2d40d8a33a6de797541e7bd3a18707cf380063062fa936&puid=njs.8da50fa3a70a95e083957b0d321c:ca53a815b6d449aa0a4bbcd70c7b.d16e19ed-9ce5-4c7c-a570-b59c35816b98 → 204 (168ms, 147B)
[2026-08-14T14:55:16.423Z] GET https://be.graph8.com/api/v1/webchat/config?org_id=org_3f157c550a504a3b&surface=external → 200 (63ms, 852B)
[2026-08-14T14:55:16.463Z] GET https://tr-rc.lfeeder.com/?sid=lAxoEaKrbmW4OYGd&data=eyJnYVRyYWNraW5nSWRzIjpbXSwiZ2FNZWFzdXJlbWVudElkcyI6W10sImdhQ2xpZW50SWRzIjpbXSwiY29udGV4dCI6eyJsaWJyYXJ5Ijp7Im5hbWUiOiJsZnRyYWNrZXIiLCJ2ZXJzaW9uIjoiMi43My4yIn0sInBhZ2VVcmwiOiJodHRwczovL3d3dy5jYW1iLmFpL3ByaWNpbmciLCJwYWdlVGl0bGUiOiJDQU1CLkFJIFByaWNpbmcgfCBBSSBUZXh0IHRvIFNwZWVjaCwgRHViYmluZyAmIFN0cmVhbWluZyIsInJlZmVycmVyIjoiIn0sImV2ZW50IjoidHJhY2tpbmctZXZlbnQiLCJjbGllbnRFdmVudElkIjoiOWNlZjcwMjZkNTMxMWM3NCIsInNjcmlwdElkIjoibEF4b0VhS3JibVc0T1lHZCIsImNvb2tpZXNFbmFibGVkIjp0cnVlLCJjb25zZW50TGV2ZWwiOiJub25lIiwiYW5vbnltaXplSXAiOmZhbHNlLCJsZkNsaWVudElkIjoiTEYxLjEuYzY1NjFmOTA0M2Q3YjNmMS4xNzg2NzE5Mjg4NDYxIiwiZm9yZWlnbkNvb2tpZXMiOltdLCJwcm9wZXJ0aWVzIjp7fSwiYXV0b1RyYWNraW5nRW5hYmxlZCI6dHJ1ZSwiYXV0b1RyYWNraW5nTW9kZSI6InNwYSJ9 → 200 (124ms, 318B)
[2026-08-14T14:55:16.591Z] GET https://assets.calendly.com/assets/booking/css/booking-75a664daa.css → 200 (?ms, -972B)
[2026-08-14T14:55:16.591Z] GET https://assets.calendly.com/pxwebj3qd.js → 200 (27ms, -1133B)
[2026-08-14T14:55:16.591Z] GET https://assets.calendly.com/assets/booking/js/booking-cb9565ca7.js → 200 (108ms, -979B)
[2026-08-14T14:55:16.932Z] GET https://assets.calendly.com/assets/booking/js/284-90448283d.chunk.js → 200 (1ms, -980B)
[2026-08-14T14:55:16.933Z] GET https://assets.calendly.com/assets/booking/js/246-3627b8b36.chunk.js → 200 (?ms, -980B)
[2026-08-14T14:55:16.933Z] GET https://js.stripe.com/v3 → 200 (16ms, -607B)
[2026-08-14T14:55:16.943Z] GET https://calendly.com/api/booking/initial_settings → 200 (57ms, 234B)
[2026-08-14T14:55:17.963Z] GET https://js.stripe.com/v3/m-outer-3437aaddcdf6922d623e172c2d6f9278.html → 200 (1ms, -1321B)
[2026-08-14T14:55:17.997Z] GET https://js.stripe.com/v3/fingerprinted/js/m-outer-15a2b40a058ddff1cffdb63779fe3de1.js → 200 (1ms, -603B)
[2026-08-14T14:55:17.999Z] GET https://m.stripe.network/inner.html → 200 (17ms, -1198B)
[2026-08-14T14:55:18.023Z] GET https://m.stripe.network/out-4.5.45.js → 200 (1ms, -569B)
[2026-08-14T14:55:18.044Z] POST https://m.stripe.com/6 → 200 (117ms, 579B)
[2026-08-14T14:55:19.963Z] GET https://www.googletagmanager.com/gtm.js?id=GTM-5KZQ97VF → 200 (130ms, 164745B)
[2026-08-14T14:55:20.125Z] GET https://www.googletagmanager.com/gtag/js?id=AW-16656190234&cx=c&gtm=4e68c1 → 200 (188ms, 157815B)
[2026-08-14T14:55:20.126Z] GET https://www.googletagmanager.com/gtag/js?id=G-DRD85YQ71Q&cx=c&gtm=4e68c1 → 200 (188ms, 188726B)
[2026-08-14T14:55:20.126Z] GET https://connect.facebook.net/en_US/fbevents.js → 200 (154ms, 107454B)
[2026-08-14T14:55:20.144Z] GET https://snap.licdn.com/li.lms-analytics/insight.min.js → 200 (25ms, 20612B)
[2026-08-14T14:55:20.144Z] GET https://www.redditstatic.com/ads/pixel.js → 200 (169ms, 20510B)
[2026-08-14T14:55:20.144Z] GET https://www.clarity.ms/tag/nno21lylx7 → 204 (237ms, ?B)
[2026-08-14T14:55:20.144Z] GET https://analytics.tiktok.com/i18n/pixel/events.js?sdkid=CT7FQORC77UBGVBCLNM0&lib=ttq → 200 (404ms, 3520B)
[2026-08-14T14:55:20.144Z] GET https://b2bjsstore.s3.us-west-2.amazonaws.com/b/5NRP9HQ8LZO1/5NRP9HQ8LZO1.js.gz → pending (?ms, ?B)
[2026-08-14T14:55:20.144Z] POST https://pagead2.googlesyndication.com/ccm/collect?rcb=9&frm=0&apvc=1&ae=g&en=page_view&dl=https%3A%2F%2Fwww.camb.ai%2Fpricing&scrsrc=www.googletagmanager.com&rnd=949050332.1786719320&navt=n&npa=1&ep.ads_data_redaction=0&gdid=dNzg2MD&gtm=45He68c1v9137290862za200zd9137290862xea&gcs=G100&gcd=13p3p3p3p5l1&dma_cps=-&dma=0&tag_exp=115616986~115938465~115938469~118897920~118897930~119527019~120125305~120385423&tft=1786719320114&tfd=4160&fmt=8 → 200 (169ms, ?B)
[2026-08-14T14:55:20.172Z] GET https://snap.licdn.com/li.lms-analytics/insight.old.min.js → 200 (92ms, 18919B)
[2026-08-14T14:55:20.285Z] POST https://px.ads.linkedin.com/wa/?medium=fetch&fmt=g → 204 (170ms, ?B)
[2026-08-14T14:55:20.285Z] GET https://px.ads.linkedin.com/attribution_trigger?pid=6455092%2C8513465&time=1786719320277&url=https%3A%2F%2Fwww.camb.ai%2Fpricing&tm=gtmv2 → 200 (168ms, 753B)
[2026-08-14T14:55:20.285Z] GET https://px.ads.linkedin.com/collect?v=2&fmt=js&pid=6455092%2C8513465&time=1786719320277&li_adsId=bdcd7e2a-34cc-4d87-b74e-bcd8ce629faa&url=https%3A%2F%2Fwww.camb.ai%2Fpricing&tm=gtmv2 → 200 (170ms, 335B)
[2026-08-14T14:55:20.286Z] GET https://px.ads.linkedin.com/attribution_trigger?pid=6455092%2C8513465&time=1786719320279&url=https%3A%2F%2Fwww.camb.ai%2Fpricing&conversionId=17506220&tm=gtmv2 → 200 (168ms, 780B)
[2026-08-14T14:55:20.286Z] GET https://px.ads.linkedin.com/collect?v=2&fmt=js&pid=6455092%2C8513465&time=1786719320279&li_adsId=bdcd7e2a-34cc-4d87-b74e-bcd8ce629faa&conversionId=17506220&url=https%3A%2F%2Fwww.camb.ai%2Fpricing&tm=gtmv2 → 200 (172ms, 64B)
[2026-08-14T14:55:20.313Z] GET https://connect.facebook.net/signals/config/784921937121353?v=2.9.377&r=stable&domain=www.camb.ai&hme=54e1ff78c67c58505a168f4db6b2d95d2daeace7ee6b53e01d6f2396e8523fa0&ex_m=113%2C218%2C164%2C25%2C78%2C79%2C156%2C74%2C73%2C11%2C174%2C98%2C19%2C148%2C136%2C43%2C81%2C86%2C144%2C169%2C176%2C29%2C17%2C30%2C31%2C32%2C34%2C52%2C157%2C83%2C121%2C21%2C23%2C48%2C44%2C46%2C45%2C91%2C100%2C104%2C119%2C155%2C158%2C50%2C120%2C27%2C24%2C128%2C75%2C40%2C160%2C159%2C161%2C152%2C150%2C28%2C39%2C63%2C118%2C171%2C76%2C20%2C123%2C89%2C72%2C22%2C93%2C94%2C125%2C92%2C146%2C145%2C149%2C105%2C170%2C173%2C38%2C53%2C122%2C51%2C8%2C4%2C5%2C7%2C6%2C3%2C99%2C110%2C177%2C185%2C232%2C80%2C245%2C244%2C243%2C14%2C26%2C37%2C59%2C112%2C65%2C10%2C69%2C106%2C107%2C108%2C114%2C139%2C35%2C33%2C141%2C142%2C143%2C138%2C137%2C165%2C82%2C168%2C166%2C167%2C54%2C64%2C132%2C18%2C172%2C49%2C290%2C291%2C289%2C304%2C323%2C225%2C214%2C66%2C215%2C213%2C326%2C317%2C56%2C226%2C116%2C140%2C88%2C130%2C58%2C129%2C135%2C134%2C62%2C70%2C68%2C162%2C84%2C85%2C124%2C41%2C36%2C57%2C60%2C109%2C175%2C1%2C133%2C16%2C131%2C12%2C2%2C61%2C101%2C15%2C71%2C67%2C127%2C97%2C96%2C178%2C179%2C102%2C103%2C9%2C111%2C55%2C153%2C95%2C87%2C77%2C126%2C115%2C47%2C154%2C0%2C90%2C147%2C151%2C163%2C42%2C117%2C13%2C180 → 200 (154ms, 66557B)
[2026-08-14T14:55:20.317Z] GET https://pixel-config.reddit.com/pixels/a2_idegkuopvl1b/config → 200 (165ms, 237B)
[2026-08-14T14:55:20.317Z] GET https://alb.reddit.com/rp.gif?ts=1786719320316&id=a2_idegkuopvl1b&event=PageVisit&m.value=&m.transactionId=&m.customEventName=&m.products=&m.conversionId=&uuid=196db9bb-56db-4c62-b721-dc2fc3f0d245&aaid=&external_id=&idfa=&integration=gtm&partner=&partner_version=1.0.2&opt_out=0&sh=1280&sw=720&v=rdt_97246b06&dpm=&dpcc=&dprc=&esurl=https%3A%2F%2Fwww.camb.ai%2Fpricing&db=tsc-0.isc-0.pp-0.fetch-1.mo-1.iframe-0.ww-0.qsa-1.srv_cfg-0.src_pid-0 → 200 (176ms, 666B)
[2026-08-14T14:55:20.336Z] POST https://pagead2.googlesyndication.com/ccm/collect?rcb=19&frm=0&apvc=0&tid=AW-16656190234&en=page_view&dl=https%3A%2F%2Fwww.camb.ai%2Fpricing&scrsrc=www.googletagmanager.com&rnd=949050332.1786719320&navt=n&npa=1&did=dNzg2MD&gdid=dNzg2MD&gtm=45be68c1v9202020689z89137290862za20gzb9137290862zd9137290862xec&gcs=G100&gcd=13p3p3p3p5l1&dma_cps=-&dma=0&tag_exp=115616985~115938465~115938469~118897920~118897930~119367802~119367810~119527019~120385422&tft=1786719320334&tfd=4380&tids=AW-16656190234&fmt=8 → 200 (122ms, ?B)
[2026-08-14T14:55:20.336Z] POST https://pagead2.googlesyndication.com/ccm/collect?rcb=19&frm=0&apvc=0&ae=g&tid=AW-16656190234&dl=https%3A%2F%2Fwww.camb.ai%2Fpricing&scrsrc=www.googletagmanager.com&rnd=949050332.1786719320&navt=n&npa=1&did=dNzg2MD&gdid=dNzg2MD&_tu=CA&gtm=45be68c1v9202020689z89137290862za20gzb9137290862zd9137290862xea&gcs=G100&gcd=13p3p3p3p5l1&dma_cps=-&dma=0&tag_exp=115616985~115938465~115938469~118897920~118897930~119367802~119367810~119527019~120385422&tft=1786719320335&tfd=4381&tids=AW-16656190234&fmt=8 → 200 (122ms, ?B)
[2026-08-14T14:55:20.381Z] POST https://www.google-analytics.com/g/collect?v=2&tid=G-DRD85YQ71Q&gtm=45je68c1v9137671490z89137290862za20gzb9137290862zd9137290862&_p=1786719319961&gcs=G100&gcd=13p3p3p3p5l1&npa=1&dma_cps=-&dma=0&gdid=dNzg2MD&ecid=1090369669&_eu=AAAAAGAC&are=1&cid=113900934.1786719320&ec_mode=a&frm=0&pscdl=denied&rcb=1&sr=1280x720&uaa=arm&uab=64&uafvl=Not%253AA-Brand%3B99.0.0.0%7CHeadlessChrome%3B145.0.7632.6%7CChromium%3B145.0.7632.6&uam=&uamb=0&uap=macOS&uapv=26.5.1&uaw=0&ul=en-us&gaf=2&_s=1&tag_exp=115616985~115938465~115938469~118897920~118897930~119367802~119367810~119527020~120385422&sid=1786719320&sct=1&seg=0&dl=https%3A%2F%2Fwww.camb.ai%2Fpricing&dt=CAMB.AI%20Pricing%20%7C%20AI%20Text%20to%20Speech%2C%20Dubbing%20%26%20Streaming&en=page_view&_fv=1&_nsi=1&_ss=1&tfd=4401 → 204 (138ms, ?B)
[2026-08-14T14:55:20.548Z] GET https://analytics.tiktok.com/i18n/pixel/static/main.MTZkNzEzYmVhOQ.js → 200 (70ms, 130712B)
[2026-08-14T14:55:20.656Z] GET https://analytics.tiktok.com/i18n/pixel/static/identify_ea043f1c.js → 200 (26ms, 40329B)
[2026-08-14T14:55:20.656Z] POST https://analytics-ipv6.tiktokw.us/ipv6/enrich_ipv6 → 200 (125ms, 776B)
[2026-08-14T14:55:20.659Z] POST https://analytics.tiktok.com/api/v2/pixel → 200 (123ms, 907B)
[2026-08-14T14:55:20.659Z] POST https://analytics.tiktok.com/api/v2/pixel → 200 (123ms, 904B)
[2026-08-14T14:55:20.661Z] POST https://analytics.tiktok.com/api/v2/pixel → 200 (121ms, 905B)
[2026-08-14T14:55:20.862Z] POST https://analytics.tiktok.com/api/v2/pixel/act → pending (?ms, ?B)
[2026-08-14T14:55:21.966Z] GET https://widget.intercom.io/widget/jaf6niwx → 200 (87ms, 3612B)
[2026-08-14T14:55:30.695Z] POST https://analytics.tiktok.com/api/v2/pixel → pending (?ms, ?B)
[2026-08-14T14:55:54.321Z] GET https://www.audiostack.ai/pricing → 301 (13ms, 44B)
[2026-08-14T14:55:54.334Z] GET https://audiostack.ai/pricing → pending (?ms, ?B)
[2026-08-14T14:55:55.005Z] GET https://audiostack.ai/_next/static/css/9bc77766c996d10a.css → 200 (?ms, -548B)
[2026-08-14T14:55:55.005Z] GET https://audiostack.ai/_next/static/css/e6d355634bdf4814.css → 200 (13ms, -548B)
[2026-08-14T14:55:55.005Z] GET https://audiostack.ai/_next/static/chunks/webpack-4e2d4871aeb09552.js → 200 (51ms, -562B)
[2026-08-14T14:55:55.005Z] GET https://audiostack.ai/_next/static/chunks/framework-5590db351d88ed9f.js → 200 (51ms, -562B)
[2026-08-14T14:55:55.005Z] GET https://audiostack.ai/_next/static/chunks/main-ecf5e693da112eab.js → 200 (59ms, -562B)
[2026-08-14T14:55:55.005Z] GET https://audiostack.ai/_next/static/chunks/pages/_app-a611726848ccbd0f.js → 200 (84ms, -562B)
[2026-08-14T14:55:55.005Z] GET https://audiostack.ai/_next/static/chunks/3-509fdd405ab05131.js → 200 (72ms, -562B)
[2026-08-14T14:55:55.005Z] GET https://audiostack.ai/_next/static/chunks/5196-905ee7a66c974ce2.js → 200 (76ms, -562B)
[2026-08-14T14:55:55.005Z] GET https://audiostack.ai/_next/static/chunks/pages/404-76439a1054c0fba6.js → 200 (66ms, -583B)
[2026-08-14T14:55:55.005Z] GET https://audiostack.ai/_next/static/xpt1jEqB7oWvABf4sovh5/_buildManifest.js → 200 (72ms, -562B)
[2026-08-14T14:55:55.005Z] GET https://audiostack.ai/_next/static/xpt1jEqB7oWvABf4sovh5/_ssgManifest.js → 200 (72ms, -535B)
[2026-08-14T14:55:55.018Z] GET https://www.googletagmanager.com/gtm.js?id=GTM-T3KZ8MGQ → 200 (104ms, -568B)
[2026-08-14T14:55:55.056Z] GET https://audiostack.ai/_next/static/media/roboto-latin-400-normal.f2894edc.woff2 → 200 (?ms, -510B)
[2026-08-14T14:55:55.064Z] GET https://cdn.getkoala.com/v1/pk_7ee82575cea4408af385c486f1c290e50377/sdk.js → pending (?ms, ?B)
[2026-08-14T14:55:55.114Z] GET https://eu-assets.i.posthog.com/array/phc_GZyVHVmGplOtgh04GPQDiVquAXXSUw1QPcFHS5rA6aN/config.js → 200 (53ms, -510B)
[2026-08-14T14:55:55.114Z] POST https://eu.i.posthog.com/flags/?v=2&config=true&ip=0&_=1786719355107&ver=1.256.2&compression=base64 → 200 (141ms, 576B)
[2026-08-14T14:55:55.122Z] GET https://audiostack.ai/_next/static/media/montserrat-latin-700-normal.dd574269.woff2 → 200 (44ms, -510B)
[2026-08-14T14:55:55.122Z] GET https://audiostack.ai/_next/static/media/inter-latin-400-normal.493934f7.woff2 → 200 (45ms, -510B)
[2026-08-14T14:55:55.166Z] GET https://audiostack.ai/_next/static/media/AICPA.ea11fd31.svg → 200 (1ms, -538B)
[2026-08-14T14:55:55.166Z] GET https://audiostack.ai/_next/static/media/GDPR.11197cda.svg → 200 (1ms, -538B)
[2026-08-14T14:55:55.166Z] GET https://audiostack.ai/_next/static/media/AWS_QualifiedSoftware.5c35d931.svg → 200 (42ms, -538B)
[2026-08-14T14:55:55.166Z] GET https://audiostack.ai/_next/static/media/CAI_Logo.cea309d3.svg → 200 (43ms, -538B)
[2026-08-14T14:55:55.166Z] GET https://audiostack.ai/_next/static/media/iab.8b628ade.svg → 200 (43ms, -538B)
[2026-08-14T14:55:55.166Z] GET https://audiostack.ai/_next/static/media/iabMember.748db2b2.svg → 200 (43ms, -538B)
[2026-08-14T14:55:55.166Z] GET https://audiostack.ai/_next/image?url=%2F_next%2Fstatic%2Fmedia%2FAAO.4377123b.png&w=48&q=75 → 200 (44ms, -526B)
[2026-08-14T14:55:55.202Z] GET https://sc.lfeeder.com/lftracker_v1_kn9Eq4RJJml4RlvP.js → 200 (46ms, -613B)
[2026-08-14T14:55:55.205Z] GET https://global.ketchcdn.com/web/v2/config/audiostack/website_smart_tag/boot.js → 200 (43ms, -789B)
[2026-08-14T14:55:55.205Z] GET https://widget.intercom.io/widget/zjqrx0ni → 200 (44ms, -733B)
[2026-08-14T14:55:55.205Z] GET https://audiostack.ai/_next/static/chunks/20-9d5069c2ef638011.js → 200 (45ms, -562B)
[2026-08-14T14:55:55.208Z] GET https://audiostack.ai/_next/static/chunks/pages/technology-b3ac671ac9d779d8.js → 200 (42ms, -562B)
[2026-08-14T14:55:55.250Z] GET https://audiostack.ai/_next/static/chunks/6503-294b423628e7b4bc.js → 200 (46ms, -562B)
[2026-08-14T14:55:55.255Z] GET https://audiostack.ai/_next/static/chunks/pages/solutions/agencies-brands-490b736a152fcba9.js → 200 (42ms, -562B)
[2026-08-14T14:55:55.255Z] GET https://audiostack.ai/_next/data/xpt1jEqB7oWvABf4sovh5/en.json → 200 (131ms, 93B)
[2026-08-14T14:55:55.255Z] GET https://audiostack.ai/_next/static/chunks/6037-91ab7e0a845faef5.js → 200 (43ms, -562B)
[2026-08-14T14:55:55.255Z] GET https://audiostack.ai/_next/static/chunks/pages/index-c4899a8ed4d1719b.js → 200 (43ms, -562B)
[2026-08-14T14:55:55.256Z] GET https://audiostack.ai/_next/static/chunks/pages/solutions/adtech-platforms-a3cee9cd6b6a025f.js → 200 (43ms, -562B)
[2026-08-14T14:55:55.256Z] GET https://audiostack.ai/_next/static/chunks/pages/solutions/radio-streaming-publishers-1f5c494f1a356b62.js → 200 (44ms, -562B)
[2026-08-14T14:55:55.256Z] GET https://audiostack.ai/_next/static/chunks/pages/products/instant-creative-2cbffa1fad328192.js → 200 (44ms, -562B)
[2026-08-14T14:55:55.256Z] GET https://audiostack.ai/_next/static/chunks/pages/products/dynamic-creative-32eb81ee6f7d5213.js → 200 (44ms, -562B)
[2026-08-14T14:55:55.256Z] GET https://audiostack.ai/_next/data/xpt1jEqB7oWvABf4sovh5/en/news.json → 200 (130ms, 104B)
[2026-08-14T14:55:55.264Z] GET https://audiostack.ai/_next/static/chunks/3831-823f29e3abf894ea.js → 200 (36ms, -562B)
[2026-08-14T14:55:55.264Z] GET https://audiostack.ai/_next/static/chunks/pages/news-8c07d1a43b70e15c.js → 200 (36ms, -562B)
[2026-08-14T14:55:55.264Z] GET https://audiostack.ai/_next/data/xpt1jEqB7oWvABf4sovh5/en/resources/insights-research.json → 200 (122ms, 103B)
[2026-08-14T14:55:55.265Z] GET https://audiostack.ai/_next/static/chunks/pages/resources/insights-research-b1e5c514e6f01ec0.js → 200 (38ms, -562B)
[2026-08-14T14:55:55.265Z] GET https://audiostack.ai/_next/data/xpt1jEqB7oWvABf4sovh5/en/resources/case-studies.json → 200 (64ms, 129B)
[2026-08-14T14:55:55.287Z] GET https://audiostack.ai/_next/static/chunks/pages/resources/case-studies-45eb7be4084a5d0a.js → 200 (16ms, -562B)
[2026-08-14T14:55:55.287Z] GET https://audiostack.ai/_next/data/xpt1jEqB7oWvABf4sovh5/en/about-us.json → 200 (48ms, 55B)
[2026-08-14T14:55:55.287Z] GET https://audiostack.ai/_next/static/chunks/pages/about-us-ab9c38b30651111d.js → 200 (16ms, -562B)
[2026-08-14T14:55:55.287Z] GET https://audiostack.ai/_next/data/xpt1jEqB7oWvABf4sovh5/en/trust-security.json → 200 (99ms, 103B)
[2026-08-14T14:55:55.287Z] GET https://audiostack.ai/_next/static/chunks/pages/trust-security-e8dc87aab89b5e49.js → 200 (17ms, -562B)
[2026-08-14T14:55:55.295Z] GET https://audiostack.ai/_next/data/xpt1jEqB7oWvABf4sovh5/en/legal/impressum.json → 200 (34ms, 85B)
[2026-08-14T14:55:55.295Z] GET https://audiostack.ai/_next/static/chunks/5504-2340badc670887f2.js → 200 (9ms, -562B)
[2026-08-14T14:55:55.295Z] GET https://audiostack.ai/_next/static/chunks/2459-e41abc2daa664fcc.js → 200 (9ms, -562B)
[2026-08-14T14:55:55.295Z] GET https://audiostack.ai/_next/static/chunks/pages/legal/impressum-f8c47c7f8d660679.js → 200 (9ms, -583B)
[2026-08-14T14:55:55.296Z] GET https://audiostack.ai/_next/data/xpt1jEqB7oWvABf4sovh5/en/legal/terms-of-service.json → 200 (39ms, 58B)
[2026-08-14T14:55:55.296Z] GET https://audiostack.ai/_next/static/chunks/pages/legal/terms-of-service-4eaa02abc59887b7.js → 200 (8ms, -583B)
[2026-08-14T14:55:55.296Z] GET https://audiostack.ai/_next/data/xpt1jEqB7oWvABf4sovh5/en/legal/privacy-policy.json → 200 (39ms, 57B)
[2026-08-14T14:55:55.296Z] GET https://audiostack.ai/_next/static/chunks/pages/legal/privacy-policy-dec6b9e26d59ed25.js → 200 (8ms, -583B)
[2026-08-14T14:55:55.299Z] GET https://www.googletagmanager.com/gtag/js?id=G-N3JV7VMQ3V&cx=c&gtm=4e68c1 → 200 (29ms, -522B)
[2026-08-14T14:55:55.299Z] GET https://audiostack.ai/_next/data/xpt1jEqB7oWvABf4sovh5/en/contact-us.json → 200 (107ms, 388B)
[2026-08-14T14:55:55.299Z] GET https://audiostack.ai/_next/static/chunks/pages/contact-us-b479d7b1f5891ab6.js → 200 (18ms, -562B)
[2026-08-14T14:55:55.303Z] GET https://cdn.ketchjs.com/ketchtag/stable/v2.12/ketch-sdk.js → 200 (33ms, -818B)
[2026-08-14T14:55:55.314Z] GET https://audiostack.ai/_next/static/chunks/20-9d5069c2ef638011.js → 200 (5ms, -562B)
[2026-08-14T14:55:55.314Z] GET https://audiostack.ai/_next/static/chunks/pages/technology-b3ac671ac9d779d8.js → 200 (5ms, -562B)
[2026-08-14T14:55:55.314Z] GET https://audiostack.ai/_next/static/css/e6d355634bdf4814.css → 200 (3ms, -548B)
[2026-08-14T14:55:55.316Z] GET https://audiostack.ai/_next/static/chunks/6503-294b423628e7b4bc.js → 200 (3ms, -562B)
[2026-08-14T14:55:55.316Z] GET https://audiostack.ai/_next/static/chunks/pages/solutions/agencies-brands-490b736a152fcba9.js → 200 (3ms, -562B)
[2026-08-14T14:55:55.317Z] GET https://audiostack.ai/_next/static/chunks/6037-91ab7e0a845faef5.js → 200 (3ms, -562B)
[2026-08-14T14:55:55.317Z] GET https://audiostack.ai/_next/static/chunks/pages/solutions/adtech-platforms-a3cee9cd6b6a025f.js → 200 (3ms, -562B)
[2026-08-14T14:55:55.317Z] GET https://audiostack.ai/_next/static/chunks/pages/index-c4899a8ed4d1719b.js → 200 (4ms, -562B)
[2026-08-14T14:55:55.317Z] GET https://audiostack.ai/_next/static/chunks/pages/solutions/radio-streaming-publishers-1f5c494f1a356b62.js → 200 (3ms, -562B)
[2026-08-14T14:55:55.317Z] GET https://audiostack.ai/_next/static/chunks/pages/products/instant-creative-2cbffa1fad328192.js → 200 (4ms, -562B)
[2026-08-14T14:55:55.317Z] GET https://audiostack.ai/_next/static/chunks/pages/products/dynamic-creative-32eb81ee6f7d5213.js → 200 (5ms, -562B)
[2026-08-14T14:55:55.317Z] GET https://audiostack.ai/_next/static/chunks/3831-823f29e3abf894ea.js → 200 (8ms, -562B)
[2026-08-14T14:55:55.317Z] GET https://audiostack.ai/_next/static/chunks/pages/news-8c07d1a43b70e15c.js → 200 (4ms, -562B)
[2026-08-14T14:55:55.318Z] GET https://audiostack.ai/_next/static/chunks/pages/resources/insights-research-b1e5c514e6f01ec0.js → 200 (3ms, -562B)
[2026-08-14T14:55:55.318Z] GET https://audiostack.ai/_next/static/chunks/pages/resources/case-studies-45eb7be4084a5d0a.js → 200 (3ms, -562B)
[2026-08-14T14:55:55.318Z] GET https://audiostack.ai/_next/static/chunks/pages/about-us-ab9c38b30651111d.js → 200 (3ms, -562B)
[2026-08-14T14:55:55.318Z] GET https://audiostack.ai/_next/static/chunks/pages/trust-security-e8dc87aab89b5e49.js → 200 (3ms, -562B)
[2026-08-14T14:55:55.318Z] GET https://audiostack.ai/_next/static/chunks/5504-2340badc670887f2.js → 200 (4ms, -562B)
[2026-08-14T14:55:55.318Z] GET https://audiostack.ai/_next/static/chunks/2459-e41abc2daa664fcc.js → 200 (4ms, -562B)
[2026-08-14T14:55:55.318Z] GET https://audiostack.ai/_next/static/chunks/pages/legal/impressum-f8c47c7f8d660679.js → 200 (3ms, -583B)
[2026-08-14T14:55:55.318Z] GET https://audiostack.ai/_next/static/css/44cf8e23d23639ec.css → 200 (2ms, -548B)
[2026-08-14T14:55:55.364Z] GET https://global.ketchcdn.com/web/v3/ip → 200 (2ms, -680B)
[2026-08-14T14:55:55.365Z] GET https://tr-rc.lfeeder.com/?sid=kn9Eq4RJJml4RlvP&data=eyJnYVRyYWNraW5nSWRzIjpbXSwiZ2FNZWFzdXJlbWVudElkcyI6WyJHLU4zSlY3Vk1RM1YiXSwiZ2FDbGllbnRJZHMiOlsiMTkyMDc0OTk5OC4xNzg2NzE5Mjk3Il0sImNvbnRleHQiOnsibGlicmFyeSI6eyJuYW1lIjoibGZ0cmFja2VyIiwidmVyc2lvbiI6IjIuNzMuMiJ9LCJwYWdlVXJsIjoiaHR0cHM6Ly9hdWRpb3N0YWNrLmFpL3ByaWNpbmciLCJwYWdlVGl0bGUiOiI0MDQ6IFRoaXMgcGFnZSBjb3VsZCBub3QgYmUgZm91bmQiLCJyZWZlcnJlciI6IiJ9LCJldmVudCI6InRyYWNraW5nLWV2ZW50IiwiY2xpZW50RXZlbnRJZCI6IjZjYjA3ZDgzNDViNDE1YzYiLCJzY3JpcHRJZCI6ImtuOUVxNFJKSm1sNFJsdlAiLCJjb29raWVzRW5hYmxlZCI6ZmFsc2UsImNvbnNlbnRMZXZlbCI6Im5vbmUiLCJhbm9ueW1pemVJcCI6ZmFsc2UsImxmQ2xpZW50SWQiOiJMRjEuMS5iMTlmMjM0MWRlMjZhZjI0LjE3ODY3MTkzNTUzNjUuQ00iLCJmb3JlaWduQ29va2llcyI6W10sInByb3BlcnRpZXMiOnt9LCJhdXRvVHJhY2tpbmdFbmFibGVkIjp0cnVlLCJhdXRvVHJhY2tpbmdNb2RlIjoic3BhIn0= → 200 (68ms, 318B)
[2026-08-14T14:55:55.370Z] GET https://global.ketchcdn.com/web/v3/config/audiostack/website_smart_tag/production/default/en/config.json?hash=17543283955322384354 → 200 (?ms, -904B)
[2026-08-14T14:55:55.370Z] GET https://audiostack.ai/_next/static/chunks/pages/legal/terms-of-service-4eaa02abc59887b7.js → 200 (1ms, -583B)
[2026-08-14T14:55:55.372Z] GET https://audiostack.ai/_next/static/chunks/pages/legal/privacy-policy-dec6b9e26d59ed25.js → 200 (?ms, -583B)
[2026-08-14T14:55:55.372Z] GET https://audiostack.ai/_next/static/chunks/pages/contact-us-b479d7b1f5891ab6.js → 200 (1ms, -562B)
[2026-08-14T14:55:55.406Z] GET https://audiostack.ai/_next/static/chunks/6795-f5146e32259c3e00.js → 200 (174ms, 33286B)
[2026-08-14T14:55:55.406Z] GET https://audiostack.ai/_next/static/chunks/2924-99c293f846319dc5.js → 200 (186ms, 5728B)
[2026-08-14T14:55:55.406Z] GET https://audiostack.ai/_next/static/chunks/pages/%5BpageId%5D-4536d7b2f67bab56.js → 200 (174ms, 5749B)
[2026-08-14T14:55:55.610Z] GET https://audiostack.ai/_next/static/chunks/6795-f5146e32259c3e00.js → 200 (1ms, -562B)
[2026-08-14T14:55:55.610Z] GET https://audiostack.ai/_next/static/chunks/2924-99c293f846319dc5.js → 200 (1ms, -562B)
[2026-08-14T14:55:55.610Z] GET https://audiostack.ai/_next/static/chunks/pages/%5BpageId%5D-4536d7b2f67bab56.js → 200 (1ms, -562B)
[2026-08-14T14:56:00.311Z] POST https://analytics.google.com/g/collect?v=2&tid=G-N3JV7VMQ3V&gtm=45je68c1v9126963365z89179337014za20gzb9179337014zd9179337014&_p=1786719354964&gcd=13l3l3l3l1l1&npa=0&dma=0&_eu=AAAAAGQC&are=1&cid=1920749998.1786719297&frm=0&pscdl=noapi&rcb=6&sr=1280x720&uaa=arm&uab=64&uafvl=Not%253AA-Brand%3B99.0.0.0%7CHeadlessChrome%3B145.0.7632.6%7CChromium%3B145.0.7632.6&uam=&uamb=0&uap=macOS&uapv=26.5.1&uaw=0&ul=en-us&gaf=2&_s=1&tag_exp=115938466~115938469~118897920~118897930~119367802~119367810~119527019~120125305~120385422&sid=1786719296&sct=1&seg=1&dl=https%3A%2F%2Faudiostack.ai%2Fpricing&dt=404%3A%20This%20page%20could%20not%20be%20found&en=page_view&tfd=5992 → 204 (72ms, ?B)
[2026-08-14T14:57:03.156Z] GET https://async.com/developers → 200 (245ms, 1334B)
[2026-08-14T14:57:03.573Z] GET https://async.com/eop7/ → pending (?ms, ?B)
[2026-08-14T14:57:03.584Z] GET https://www.googletagmanager.com/gtag/js?id=GTM-558W3JG → pending (?ms, ?B)
[2026-08-14T14:57:03.588Z] GET https://async.com/developer/assets/index-Cwd1loOL.js → pending (?ms, ?B)
[2026-08-14T14:57:03.588Z] GET https://async.com/developer/assets/index-BOjW08FY.css → pending (?ms, ?B)
[2026-08-14T14:57:03.588Z] GET https://cdn.gpteng.co/gptengineer.js → pending (?ms, ?B)
[2026-08-14T14:57:03.590Z] GET https://www.googletagmanager.com/gtm.js?id=GTM-558W3JG → pending (?ms, ?B)
[2026-08-14T14:57:07.845Z] GET https://www.googletagmanager.com/gtag/js?id=AW-372207717&cx=c&gtm=4e68c1 → pending (?ms, ?B)
[2026-08-14T14:57:07.846Z] GET https://static.ads-twitter.com/uwt.js → 200 (15ms, 41B)
[2026-08-14T14:57:07.846Z] GET https://www.googletagmanager.com/gtag/js?id=G-GYL057TFV4&cx=c&gtm=4e68c1 → pending (?ms, ?B)
[2026-08-14T14:57:07.846Z] GET https://connect.facebook.net/en_US/fbevents.js → pending (?ms, ?B)
[2026-08-14T14:57:07.846Z] GET https://www.redditstatic.com/ads/pixel.js?pixel_id=a2_dfwbslajxqs9 → pending (?ms, ?B)
[2026-08-14T14:57:07.851Z] GET https://web-sdk-cdn.singular.net/singular-gtm-interface/latest/singular-gtm-interface.js → pending (?ms, ?B)
[2026-08-14T14:57:07.851Z] GET https://snap.licdn.com/li.lms-analytics/insight.min.js → pending (?ms, ?B)
[2026-08-14T14:57:07.851Z] GET https://bat.bing.com/bat.js → pending (?ms, ?B)
[2026-08-14T14:57:07.851Z] GET https://analytics.tiktok.com/i18n/pixel/events.js?sdkid=CKK36K3C77U17F5DHF4G&lib=ttq → pending (?ms, ?B)
[2026-08-14T14:57:07.851Z] GET https://www.clarity.ms/tag/re9ux8gxq2?ref=gtm2 → pending (?ms, ?B)
[2026-08-14T14:57:07.854Z] GET https://bzrcdn.openai.com/sdk/oaiq.min.js → pending (?ms, ?B)
[2026-08-14T14:57:07.854Z] POST https://www.google.com/ccm/collect?rcb=13&frm=0&apvc=1&ae=g&auid=1017309092.1786719428&dt=Async&en=page_view&dl=https%3A%2F%2Fasync.com%2Fdevelopers&scrsrc=www.googletagmanager.com&rnd=1223017993.1786719428&navt=n&npa=0&ep.ads_data_redaction=0&gtm=45Xe68c1v854236184za200zd854236184xea&gcd=13l3l3l3l1l1&dma=0&tag_exp=115616985~115938465~115938468~117776795~118897920~118897930~119367802~119367810~119527020~120385422&tft=1786719427834&tfd=5304&fmt=8 → pending (?ms, ?B)
[2026-08-14T14:57:07.855Z] POST https://ad.doubleclick.net/ccm/s/collect?auid=1017309092.1786719428&gtm=45Xe68c1v854236184za200zd854236184xea&fmt=8 → pending (?ms, ?B)
[2026-08-14T14:57:07.858Z] GET https://www.clarity.ms/tag/j1o2vhjp4y → pending (?ms, ?B)
[2026-08-14T14:57:09.424Z] GET https://t.co/1/i/adsct?bci=4&dv=America%2FToronto%26en-US%26Google%20Inc.%26MacIntel%26127%261280%26720%268%2624%261280%26720%260%26na&eci=3&event=%7B%7D&event_id=7e30dda5-9ce4-44d2-b042-5d5a68bbb92d&integration=gtm&p_id=Twitter&p_user_id=0&pl_id=8784256f-ad65-443b-a0a1-870b23d6ddf9&pt=Async&tw_document_href=https%3A%2F%2Fasync.com%2Fdevelopers&tw_iframe_status=0&tw_pid_src=1&twpid=tw.1786719427913.813394543247408104&txn_id=rcc06&type=javascript&version=2.4.1 → 200 (82ms, 325B)
[2026-08-14T14:57:09.428Z] GET https://analytics.twitter.com/1/i/adsct?bci=4&dv=America%2FToronto%26en-US%26Google%20Inc.%26MacIntel%26127%261280%26720%268%2624%261280%26720%260%26na&eci=3&event=%7B%7D&event_id=7e30dda5-9ce4-44d2-b042-5d5a68bbb92d&integration=gtm&p_id=Twitter&p_user_id=0&pl_id=8784256f-ad65-443b-a0a1-870b23d6ddf9&pt=Async&tw_document_href=https%3A%2F%2Fasync.com%2Fdevelopers&tw_iframe_status=0&tw_pid_src=1&twpid=tw.1786719427913.813394543247408104&txn_id=rcc06&type=javascript&version=2.4.1 → 200 (76ms, 325B)
[2026-08-14T14:57:09.432Z] GET https://www.googletagmanager.com/gtag/js?id=G-GYL057TFV4&gtg_health=1 → 200 (59ms, 156B)
[2026-08-14T14:57:09.434Z] POST https://async.com/eop7/ag/g/c?v=2&tid=G-GYL057TFV4&gtm=45g92e68c1v883862744z8854236184za20gzb854236184zd854236184&_p=1786719423572&_gaz=1&gcd=13l3l3l3l1l1&npa=0&dma=0&gdid=dNzQzZD&_eu=AAAAAGAC&_uip=%3A%3A&are=1&cid=188701269.1786719428&fp=1&frm=0&pscdl=noapi&rcb=15&sr=1280x720&uaa=arm&uab=64&uafvl=Not%253AA-Brand%3B99.0.0.0%7CHeadlessChrome%3B145.0.7632.6%7CChromium%3B145.0.7632.6&uam=&uamb=0&uap=macOS&uapv=26.5.1&uaw=0&ul=en-us&ur=CA-ON&_gsid=25Kreu29BppRCiDNb06mpqSKBmJ3Q63kwQ&gaf=2&_s=1&tag_exp=115616986~115938465~115938469~118897920~118897930~119367802~119367810~119527020~120385422&sid=1786719427&sct=1&seg=0&dl=https%3A%2F%2Fasync.com%2Fdevelopers&dt=Async&en=page_view&_fv=1&_nsi=1&_ss=1&gap.gtb=1&tfd=5459 → 204 (71ms, ?B)
[2026-08-14T14:57:09.453Z] POST https://stats.g.doubleclick.net/g/collect?v=2&tid=G-GYL057TFV4&cid=188701269.1786719428&gtm=45g92e68c1v883862744z8854236184za20gzb854236184zd854236184&rcb=15&aip=1&dma=0&gcd=13l3l3l3l1l1&npa=0&frm=0&tag_exp=115616986~115938465~115938469~118897920~118897930~119367802~119367810~119527020~120385422 → 204 (53ms, 20B)
[2026-08-14T14:57:09.453Z] POST https://analytics.google.com/g/s/collect?_gsid=25Kreu29BppRCiDNb06mpqSKBmJ3Q63kwQ&gtm=45g92e68c1v883862744z8854236184za20gzb854236184zd854236184 → 204 (38ms, 20B)
[2026-08-14T14:57:09.453Z] GET https://www.google.ca/ads/ga-audiences?v=1&t=sr&slf_rd=1&_r=4&tid=G-GYL057TFV4&cid=188701269.1786719428&gtm=45g92e68c1v883862744z8854236184za20gzb854236184zd854236184&rcb=15&aip=1&dma=0&gcd=13l3l3l3l1l1&npa=0&frm=0&tag_exp=115616986~115938465~115938469~118897920~118897930~119367802~119367810~119527020~120385422&z=259564322 → 200 (21ms, 63B)
[2026-08-14T14:57:09.465Z] GET https://snap.licdn.com/li.lms-analytics/insight.old.min.js → 200 (25ms, -489B)
[2026-08-14T14:57:09.473Z] GET https://connect.facebook.net/signals/config/197819815463916?v=2.9.377&r=stable&domain=async.com&optin_meta_enabled_capi=true&hme=54e1ff78c67c58505a168f4db6b2d95d2daeace7ee6b53e01d6f2396e8523fa0&ex_m=113%2C218%2C164%2C25%2C78%2C79%2C156%2C74%2C73%2C11%2C174%2C98%2C19%2C148%2C136%2C43%2C81%2C86%2C144%2C169%2C176%2C29%2C17%2C30%2C31%2C32%2C34%2C52%2C157%2C83%2C121%2C21%2C23%2C48%2C44%2C46%2C45%2C91%2C100%2C104%2C119%2C155%2C158%2C50%2C120%2C27%2C24%2C128%2C75%2C40%2C160%2C159%2C161%2C152%2C150%2C28%2C39%2C63%2C118%2C171%2C76%2C20%2C123%2C89%2C72%2C22%2C93%2C94%2C125%2C92%2C146%2C145%2C149%2C105%2C170%2C173%2C38%2C53%2C122%2C51%2C8%2C4%2C5%2C7%2C6%2C3%2C99%2C110%2C177%2C185%2C232%2C80%2C245%2C244%2C243%2C14%2C26%2C37%2C59%2C112%2C65%2C10%2C69%2C106%2C107%2C108%2C114%2C139%2C35%2C33%2C141%2C142%2C143%2C138%2C137%2C165%2C82%2C168%2C166%2C167%2C54%2C64%2C132%2C18%2C172%2C49%2C290%2C291%2C289%2C304%2C323%2C225%2C214%2C66%2C215%2C213%2C326%2C317%2C56%2C226%2C116%2C140%2C88%2C130%2C58%2C129%2C135%2C134%2C62%2C70%2C68%2C162%2C84%2C85%2C124%2C41%2C36%2C57%2C60%2C109%2C175%2C1%2C133%2C16%2C131%2C12%2C2%2C61%2C101%2C15%2C71%2C67%2C127%2C97%2C96%2C178%2C179%2C102%2C103%2C9%2C111%2C55%2C153%2C95%2C87%2C77%2C126%2C115%2C47%2C154%2C0%2C90%2C147%2C151%2C163%2C42%2C117%2C13%2C180 → 200 (98ms, 5861B)
[2026-08-14T14:57:09.482Z] GET https://googleads.g.doubleclick.net/pagead/viewthroughconversion/372207717/?random=1786719428054&cv=11&fst=1786719428054&bg=ffffff&guid=ON&async=1&en=gtag.config&gtm=45be68c1v881506264z8854236184za20gzb854236184zd854236184xec&gcd=13l3l3l3l1l1&dma=0&tag_exp=115616985~115938465~115938468~117776795~118395333~118897920~118897930~119367802~119367810~119527019~120385422&u_w=1280&u_h=720&url=https%3A%2F%2Fasync.com%2Fdevelopers&rcb=11&frm=0&tiba=Async&hn=www.googleadservices.com&npa=0&pscdl=noapi&auid=1017309092.1786719428&uaa=arm&uab=64&uafvl=Not%253AA-Brand%3B99.0.0.0%7CHeadlessChrome%3B145.0.7632.6%7CChromium%3B145.0.7632.6&uamb=0&uam=&uap=macOS&uapv=26.5.1&uaw=0&data=event%3Dgtag.config&ept=9&rfmt=3&fmt=4 → 200 (85ms, 2667B)
[2026-08-14T14:57:09.483Z] POST https://www.google.com/rmkt/collect/372207717/?random=1786719428054&cv=11&fst=1786719428054&fmt=8&bg=ffffff&guid=ON&async=1&en=gtag.config&gtm=45be68c1v881506264z8854236184za20gzb854236184zd854236184xec&gcd=13l3l3l3l1l1&dma=0&tag_exp=115616985~115938465~115938468~117776795~118395333~118897920~118897930~119367802~119367810~119527019~120385422&u_w=1280&u_h=720&url=https%3A%2F%2Fasync.com%2Fdevelopers&rcb=11&frm=0&tiba=Async&hn=www.googleadservices.com&npa=0&pscdl=noapi&auid=1017309092.1786719428&uaa=arm&uab=64&uafvl=Not%253AA-Brand%3B99.0.0.0%7CHeadlessChrome%3B145.0.7632.6%7CChromium%3B145.0.7632.6&uamb=0&uam=&uap=macOS&uapv=26.5.1&uaw=0&data=event%3Dgtag.config&ept=68&gcp=5 → 200 (43ms, ?B)
[2026-08-14T14:57:09.483Z] GET https://googleads.g.doubleclick.net/pagead/viewthroughconversion/372207717/?random=1786719428077&cv=11&fst=1786719428077&bg=ffffff&guid=ON&async=1&gtm=45be68c1v881506264z8854236184za20gzb854236184zd854236184xea&gcd=13l3l3l3l1l1&dma=0&tag_exp=115616985~115938465~115938468~117776795~118395333~118897920~118897930~119367802~119367810~119527019~120385422&u_w=1280&u_h=720&url=https%3A%2F%2Fasync.com%2Fdevelopers&rcb=11&frm=0&tiba=Async&hn=www.googleadservices.com&npa=0&pscdl=noapi&auid=1017309092.1786719428&uaa=arm&uab=64&uafvl=Not%253AA-Brand%3B99.0.0.0%7CHeadlessChrome%3B145.0.7632.6%7CChromium%3B145.0.7632.6&uamb=0&uam=&uap=macOS&uapv=26.5.1&uaw=0&_tu=CA&ept=9&rfmt=3&fmt=4 → 200 (84ms, 2649B)
[2026-08-14T14:57:09.483Z] POST https://www.google.com/rmkt/collect/372207717/?random=1786719428077&cv=11&fst=1786719428077&fmt=8&bg=ffffff&guid=ON&async=1&gtm=45be68c1v881506264z8854236184za20gzb854236184zd854236184xea&gcd=13l3l3l3l1l1&dma=0&tag_exp=115616985~115938465~115938468~117776795~118395333~118897920~118897930~119367802~119367810~119527019~120385422&u_w=1280&u_h=720&url=https%3A%2F%2Fasync.com%2Fdevelopers&rcb=11&frm=0&tiba=Async&hn=www.googleadservices.com&npa=0&pscdl=noapi&auid=1017309092.1786719428&uaa=arm&uab=64&uafvl=Not%253AA-Brand%3B99.0.0.0%7CHeadlessChrome%3B145.0.7632.6%7CChromium%3B145.0.7632.6&uamb=0&uam=&uap=macOS&uapv=26.5.1&uaw=0&_tu=CA&ept=68&gcp=5 → 200 (68ms, ?B)
[2026-08-14T14:57:09.483Z] POST https://www.google.com/ccm/collect?rcb=11&frm=0&apvc=0&auid=1017309092.1786719428&dt=Async&tid=AW-372207717&en=page_view&dl=https%3A%2F%2Fasync.com%2Fdevelopers&scrsrc=www.googletagmanager.com&rnd=1223017993.1786719428&navt=n&npa=0&gtm=45be68c1v881506264z8854236184za20gzb854236184zd854236184xec&gcd=13l3l3l3l1l1&dma=0&tag_exp=115616985~115938465~115938468~117776795~118395333~118897920~118897930~119367802~119367810~119527019~120385422&tft=1786719428079&tfd=5549&tids=AW-372207717&fmt=8 → 200 (68ms, ?B)
[2026-08-14T14:57:09.483Z] POST https://www.google.com/ccm/collect?rcb=11&frm=0&apvc=0&ae=g&auid=1017309092.1786719428&dt=Async&tid=AW-372207717&dl=https%3A%2F%2Fasync.com%2Fdevelopers&scrsrc=www.googletagmanager.com&rnd=1223017993.1786719428&navt=n&npa=0&_tu=CA&gtm=45be68c1v881506264z8854236184za20gzb854236184zd854236184xea&gcd=13l3l3l3l1l1&dma=0&tag_exp=115616985~115938465~115938468~117776795~118395333~118897920~118897930~119367802~119367810~119527019~120385422&tft=1786719428079&tfd=5549&_gsid=5k5YpE_o_yYpHsrRWiS5jU9kwIILtzVQ7Q&tids=AW-372207717&fmt=8 → 200 (68ms, ?B)
[2026-08-14T14:57:09.495Z] GET https://alb.reddit.com/rp.gif?ts=1786719428085&id=a2_dfwbslajxqs9&event=PageVisit&m.value=&m.transactionId=&m.customEventName=&m.products=&m.conversionId=&uuid=e05c8a67-3ba7-46ac-9335-7d34d55c04d0&aaid=&external_id=&idfa=&integration=gtm&partner=&partner_version=1.0.4&opt_out=0&sh=1280&sw=720&v=rdt_97246b06&dpm=&dpcc=&dprc=&esurl=https%3A%2F%2Fasync.com%2Fdevelopers&db=tsc-0.isc-0.pp-0.fetch-1.mo-1.iframe-0.ww-0.qsa-1.srv_cfg-1.src_pid-1 → 200 (31ms, 99B)
[2026-08-14T14:57:09.495Z] GET https://alb.reddit.com/rp.gif?ts=1786719428085&id=a2_iz2htgsagoc0&event=PageVisit&m.value=&m.transactionId=&m.customEventName=&m.products=&m.conversionId=&uuid=e05c8a67-3ba7-46ac-9335-7d34d55c04d0&aaid=&external_id=&idfa=&integration=gtm&partner=&partner_version=1.0.4&opt_out=0&sh=1280&sw=720&v=rdt_97246b06&dpm=&dpcc=&dprc=&esurl=https%3A%2F%2Fasync.com%2Fdevelopers&db=tsc-0.isc-0.pp-0.fetch-1.mo-1.iframe-0.ww-0.qsa-1.src_pid-1 → 200 (31ms, 76B)
[2026-08-14T14:57:09.498Z] GET https://web-sdk-cdn.singular.net/singular-sdk/latest/singular-sdk.js → 200 (27ms, 50238B)
[2026-08-14T14:57:09.504Z] GET https://bzrcdn.openai.com/pixel-config/v1/Fu9HVoZuhmfzwhmefUU2Qc.json → 200 (47ms, 868B)
[2026-08-14T14:57:09.506Z] GET https://analytics.tiktok.com/i18n/pixel/static/main.MTZkNzEzYmVhMQ.js → 200 (48ms, 118569B)
[2026-08-14T14:57:09.522Z] GET https://scripts.clarity.ms/0.8.69/clarity.js → 200 (29ms, -501B)
[2026-08-14T14:57:09.525Z] GET https://px.ads.linkedin.com/attribution_trigger?pid=7316785&time=1786719428112&url=https%3A%2F%2Fasync.com%2Fdevelopers&tm=gtmv2 → 200 (47ms, 851B)
[2026-08-14T14:57:09.525Z] GET https://px.ads.linkedin.com/collect?v=2&fmt=js&pid=7316785&time=1786719428112&li_adsId=e9232f2d-282f-455c-b54c-56d8cbe38df4&url=https%3A%2F%2Fasync.com%2Fdevelopers&tm=gtmv2 → 200 (46ms, 310B)
[2026-08-14T14:57:09.525Z] POST https://px.ads.linkedin.com/wa/?medium=fetch&fmt=g → 204 (47ms, ?B)
[2026-08-14T14:57:09.525Z] GET https://bat.bing.com/p/action/97030601.js → 200 (35ms, 428B)
[2026-08-14T14:57:09.554Z] GET https://analytics.tiktok.com/i18n/pixel/static/identify_ea043f1c.js → 200 (6ms, -907B)
[2026-08-14T14:57:09.555Z] POST https://analytics-ipv6.tiktokw.us/ipv6/enrich_ipv6 → 200 (18ms, 778B)
[2026-08-14T14:57:09.557Z] POST https://analytics.tiktok.com/api/v2/pixel → 200 (48ms, 748B)
[2026-08-14T14:57:09.557Z] POST https://analytics.tiktok.com/api/v2/pixel → 200 (48ms, 746B)
[2026-08-14T14:57:09.560Z] POST https://sdk-api-v1.singular.net/api/v1/event?current_device_time=1786719428&event_id=83072c5d-cb94-4a83-aaa9-28ea97438e42&conversion_event=true&k=SDID&a=podcastle_efde8bc5&p=Web&i=podcastle_app&screen_height=720&screen_width=1280&sdk=WebSDK-v1.4.10&singular_instance_id=4dd68cf2-4610-48d9-9867-e4c0947e635b&sdid=48ab7a9a-57f1-4efb-b1f7-d22b91869d88&storage_type=local&timezone=GMT-0400&touchpoint_timestamp=1786719428&u=48ab7a9a-57f1-4efb-b1f7-d22b91869d88&n=__PAGE_VISIT__&is_revenue_event=false&first=true&is_after_conversion_event=false&s=70650d5d-a0bf-47df-b23f-8c3308511c96&web_page_url=https%3A%2F%2Fasync.com%2Fdevelopers&is_first_visit=true&is_page_refreshed=false&sdid_persist_mode=auto&is_first_page_visit_in_session=true&ecid=48ab7a9a-57f1-4efb-b1f7-d22b91869d88&os=MacOS&lag=0&h=421764d08aea8df34dafe12416995c4577f243eb → 200 (46ms, 373B)
[2026-08-14T14:57:09.560Z] GET https://bat.bing.com/action/0?ti=97030601&tm=gtm002&Ver=2&mid=b2682d66-afe0-4240-ab29-1103e47f2d1c&bo=1&sid=6bd100c097f011f1b61ad19edffb8150&vid=6bd16ee097f011f1bddd2b5c5a0868ba&vids=1&msclkid=N&pi=0&lg=en-US&sw=1280&sh=720&sc=24&tl=Async&p=https%3A%2F%2Fasync.com%2Fdevelopers&r=&lt=5379&evt=pageLoad&sv=2&cdb=AQAQ&rn=908745 → 204 (13ms, 178B)
[2026-08-14T14:57:09.565Z] POST https://r.clarity.ms/collect → 204 (36ms, ?B)
[2026-08-14T14:57:09.567Z] GET https://www.google.com/pagead/1p-user-list/372207717/?random=1786719428054&cv=11&fst=1786716000000&bg=ffffff&guid=ON&async=1&en=gtag.config&gtm=45be68c1v881506264z8854236184za20gzb854236184zd854236184xec&gcd=13l3l3l3l1l1&dma=0&tag_exp=115616985~115938465~115938468~117776795~118395333~118897920~118897930~119367802~119367810~119527019~120385422&u_w=1280&u_h=720&url=https%3A%2F%2Fasync.com%2Fdevelopers&rcb=11&frm=0&tiba=Async&hn=www.googleadservices.com&npa=0&pscdl=noapi&auid=1017309092.1786719428&uaa=arm&uab=64&uafvl=Not%253AA-Brand%3B99.0.0.0%7CHeadlessChrome%3B145.0.7632.6%7CChromium%3B145.0.7632.6&uamb=0&uam=&uap=macOS&uapv=26.5.1&uaw=0&data=event%3Dgtag.config&ept=9&rfmt=3&fmt=3&is_vtc=1&cid=CAQS4QEAEQoqgXA_2Yqb7khoCu65Dew-05Ze6nHh9-whhX56h5_7bIGPEIcZbL2eBdOYjUzeiOIb3Wpy2-YVqaSBMDMUfr-QQsOTQfDkipwd746nixaO_nzq4RvQrZqoq1yHmqrTZOnUfQD7uXzf6CbUsfd7IZtT2Wwq-Qh5ZYW24sSMX7GDYoltHYumNBTmcucmYUniNJNnLwI--62QKQih6MLTuVku6Y19RVehCPRRJ5jJwtcYMdYiBtLK6z97gN0EtLT5NOsoM-ilBItiP0EHWf-CUGizhZNTgovDBX6qz6zc9r8&random=1003373957&rmt_tld=0&ipr=y → 200 (6ms, 64B)
[2026-08-14T14:57:09.567Z] GET https://www.google.ca/pagead/1p-user-list/372207717/?random=1786719428054&cv=11&fst=1786716000000&bg=ffffff&guid=ON&async=1&en=gtag.config&gtm=45be68c1v881506264z8854236184za20gzb854236184zd854236184xec&gcd=13l3l3l3l1l1&dma=0&tag_exp=115616985~115938465~115938468~117776795~118395333~118897920~118897930~119367802~119367810~119527019~120385422&u_w=1280&u_h=720&url=https%3A%2F%2Fasync.com%2Fdevelopers&rcb=11&frm=0&tiba=Async&hn=www.googleadservices.com&npa=0&pscdl=noapi&auid=1017309092.1786719428&uaa=arm&uab=64&uafvl=Not%253AA-Brand%3B99.0.0.0%7CHeadlessChrome%3B145.0.7632.6%7CChromium%3B145.0.7632.6&uamb=0&uam=&uap=macOS&uapv=26.5.1&uaw=0&data=event%3Dgtag.config&ept=9&rfmt=3&fmt=3&is_vtc=1&cid=CAQS4QEAEQoqgXA_2Yqb7khoCu65Dew-05Ze6nHh9-whhX56h5_7bIGPEIcZbL2eBdOYjUzeiOIb3Wpy2-YVqaSBMDMUfr-QQsOTQfDkipwd746nixaO_nzq4RvQrZqoq1yHmqrTZOnUfQD7uXzf6CbUsfd7IZtT2Wwq-Qh5ZYW24sSMX7GDYoltHYumNBTmcucmYUniNJNnLwI--62QKQih6MLTuVku6Y19RVehCPRRJ5jJwtcYMdYiBtLK6z97gN0EtLT5NOsoM-ilBItiP0EHWf-CUGizhZNTgovDBX6qz6zc9r8&random=1003373957&rmt_tld=1&ipr=y → 200 (38ms, 64B)
[2026-08-14T14:57:09.567Z] GET https://www.google.com/pagead/1p-user-list/372207717/?random=1786719428077&cv=11&fst=1786716000000&bg=ffffff&guid=ON&async=1&gtm=45be68c1v881506264z8854236184za20gzb854236184zd854236184xea&gcd=13l3l3l3l1l1&dma=0&tag_exp=115616985~115938465~115938468~117776795~118395333~118897920~118897930~119367802~119367810~119527019~120385422&u_w=1280&u_h=720&url=https%3A%2F%2Fasync.com%2Fdevelopers&rcb=11&frm=0&tiba=Async&hn=www.googleadservices.com&npa=0&pscdl=noapi&auid=1017309092.1786719428&uaa=arm&uab=64&uafvl=Not%253AA-Brand%3B99.0.0.0%7CHeadlessChrome%3B145.0.7632.6%7CChromium%3B145.0.7632.6&uamb=0&uam=&uap=macOS&uapv=26.5.1&uaw=0&_tu=CA&ept=9&rfmt=3&fmt=3&is_vtc=1&cid=CAQS4QEAEQoqgXDclB7GfOds-QJoIMkEIURFtR7CSk2UKvdNp7L-Bs9qrii8aNs9C6IX8_XnyN6EP1GTqnEsF7f_9Z08BjC1vhMJ2HLnw3rzV1SlY_YBwToG7F32Lv7RwhgPOzKnYR65vlPxHYHm-VaUDp3qMPGa2fWLR2CBZvdR2oSjpQk7AlWdU123arOyadQDkBJoW-WPcFpYBpMHQA66KDfDO3hs8IFR57SEoRnl5i9D8L4ucSVaCinXAmjOMppizkG4m3GB4iIuYLXpLUIcQy-4kXXvxOHxzs-9j5WWNrMiFuU&random=2975570927&rmt_tld=0&ipr=y → 200 (6ms, 64B)
[2026-08-14T14:57:09.567Z] GET https://www.google.ca/pagead/1p-user-list/372207717/?random=1786719428077&cv=11&fst=1786716000000&bg=ffffff&guid=ON&async=1&gtm=45be68c1v881506264z8854236184za20gzb854236184zd854236184xea&gcd=13l3l3l3l1l1&dma=0&tag_exp=115616985~115938465~115938468~117776795~118395333~118897920~118897930~119367802~119367810~119527019~120385422&u_w=1280&u_h=720&url=https%3A%2F%2Fasync.com%2Fdevelopers&rcb=11&frm=0&tiba=Async&hn=www.googleadservices.com&npa=0&pscdl=noapi&auid=1017309092.1786719428&uaa=arm&uab=64&uafvl=Not%253AA-Brand%3B99.0.0.0%7CHeadlessChrome%3B145.0.7632.6%7CChromium%3B145.0.7632.6&uamb=0&uam=&uap=macOS&uapv=26.5.1&uaw=0&_tu=CA&ept=9&rfmt=3&fmt=3&is_vtc=1&cid=CAQS4QEAEQoqgXDclB7GfOds-QJoIMkEIURFtR7CSk2UKvdNp7L-Bs9qrii8aNs9C6IX8_XnyN6EP1GTqnEsF7f_9Z08BjC1vhMJ2HLnw3rzV1SlY_YBwToG7F32Lv7RwhgPOzKnYR65vlPxHYHm-VaUDp3qMPGa2fWLR2CBZvdR2oSjpQk7AlWdU123arOyadQDkBJoW-WPcFpYBpMHQA66KDfDO3hs8IFR57SEoRnl5i9D8L4ucSVaCinXAmjOMppizkG4m3GB4iIuYLXpLUIcQy-4kXXvxOHxzs-9j5WWNrMiFuU&random=2975570927&rmt_tld=1&ipr=y → 200 (38ms, 64B)
[2026-08-14T14:57:09.572Z] GET https://capi-automation.s3.us-east-2.amazonaws.com/public/client_js/capiParamBuilder/clientParamBuilder.bundle.js → 200 (34ms, 64294B)
[2026-08-14T14:57:09.605Z] POST https://analytics.tiktok.com/api/v2/pixel/act → 200 (1ms, 746B)
[2026-08-14T14:57:09.606Z] POST https://sdk-api-v1.singular.net/api/v1/event?current_device_time=1786719428&event_id=adaf707d-9526-4e98-b986-85cab391ab40&conversion_event=true&k=SDID&a=podcastle_efde8bc5&p=Web&i=podcastle_app&screen_height=720&screen_width=1280&sdk=WebSDK-v1.4.10&singular_instance_id=4dd68cf2-4610-48d9-9867-e4c0947e635b&sdid=48ab7a9a-57f1-4efb-b1f7-d22b91869d88&storage_type=local&timezone=GMT-0400&touchpoint_timestamp=1786719428&u=48ab7a9a-57f1-4efb-b1f7-d22b91869d88&n=__PAGE_VISIT__&is_revenue_event=false&first=false&is_after_conversion_event=false&s=70650d5d-a0bf-47df-b23f-8c3308511c96&web_page_url=https%3A%2F%2Fasync.com%2Fdevelopers&is_first_visit=true&is_page_refreshed=false&sdid_persist_mode=auto&is_first_page_visit_in_session=true&ecid=48ab7a9a-57f1-4efb-b1f7-d22b91869d88&os=MacOS&lag=1&h=fc502fb36c551a1788b46c04cbaa7ce2d9a8dcbe → 200 (?ms, 373B)
[2026-08-14T14:57:09.607Z] POST https://bzr.openai.com/v1/sdk/events?pid=Fu9HVoZuhmfzwhmefUU2Qc&st=oaiq-web&sv=0.1.27&t=1786719429342&ec=3 → 202 (3ms, ?B)
[2026-08-14T14:57:09.610Z] POST https://r.clarity.ms/collect → 204 (?ms, ?B)
[2026-08-14T14:57:12.022Z] GET https://t.co/1/i/adsct?bci=4&dv=America%2FToronto%26en-US%26Google%20Inc.%26MacIntel%26127%261280%26720%268%2624%261280%26720%260%26na&eci=3&event=%7B%7D&event_id=7e30dda5-9ce4-44d2-b042-5d5a68bbb92d&integration=gtm&p_id=Twitter&p_user_id=0&pl_id=8784256f-ad65-443b-a0a1-870b23d6ddf9&pt=Async&tw_document_href=https%3A%2F%2Fasync.com%2Fdevelopers&tw_iframe_status=0&tw_pid_src=1&twpid=tw.1786719427913.813394543247408104&txn_id=rcc06&type=javascript&version=2.4.1 → 200 (105ms, 158B)
[2026-08-14T14:57:12.023Z] GET https://analytics.twitter.com/1/i/adsct?bci=4&dv=America%2FToronto%26en-US%26Google%20Inc.%26MacIntel%26127%261280%26720%268%2624%261280%26720%260%26na&eci=3&event=%7B%7D&event_id=7e30dda5-9ce4-44d2-b042-5d5a68bbb92d&integration=gtm&p_id=Twitter&p_user_id=0&pl_id=8784256f-ad65-443b-a0a1-870b23d6ddf9&pt=Async&tw_document_href=https%3A%2F%2Fasync.com%2Fdevelopers&tw_iframe_status=0&tw_pid_src=1&twpid=tw.1786719427913.813394543247408104&txn_id=rcc06&type=javascript&version=2.4.1 → 200 (105ms, 158B)
[2026-08-14T14:57:12.023Z] GET https://bat.bing.com/action/0?ti=97030601&tm=gtm002&Ver=2&mid=b2682d66-afe0-4240-ab29-1103e47f2d1c&bo=1&sid=6bd100c097f011f1b61ad19edffb8150&vid=6bd16ee097f011f1bddd2b5c5a0868ba&vids=1&msclkid=N&pi=0&lg=en-US&sw=1280&sh=720&sc=24&tl=Async&p=https%3A%2F%2Fasync.com%2Fdevelopers&r=&lt=5379&evt=pageLoad&sv=2&cdb=AQAQ&rn=908745 → 204 (105ms, 122B)
[2026-08-14T14:57:12.460Z] GET https://replicastudios.com/ → 301 (96ms, 162B)
[2026-08-14T14:57:12.556Z] GET https://www.replicastudios.com/ → 200 (128ms, 1069B)
[2026-08-14T14:57:12.712Z] GET https://fonts.googleapis.com/css2?family=Inter&display=swap → 200 (54ms, 670B)
[2026-08-14T14:57:12.712Z] GET https://www.replicastudios.com/replica_logo.svg → 200 (51ms, 861B)
[2026-08-14T14:57:12.869Z] GET https://fonts.gstatic.com/s/inter/v20/UcCO3FwrK3iLTeHuS_nVMrMxCp50SjIw2boKoduKmMEVuLyfAZ9hiJ-Ek-_EeA.woff2 → pending (?ms, ?B)
[2026-08-14T14:57:29.972Z] GET https://www.naturalreaders.com/commercial.html → 200 (4ms, -866B)
[2026-08-14T14:57:30.216Z] GET https://www.naturalreaders.com/comm.html → 200 (?ms, -850B)
[2026-08-14T14:57:30.222Z] GET https://fonts.googleapis.com/css2?family=Poppins:wght@400;500;600;700&display=swap → 200 (11ms, -698B)
[2026-08-14T14:57:30.222Z] GET https://www.naturalreaders.com/comfiles/commercial/img/1.webp → 200 (12ms, -868B)
[2026-08-14T14:57:30.222Z] GET https://www.naturalreaders.com/comfiles/commercial/new/built_1.webp → 200 (13ms, -872B)
[2026-08-14T14:57:30.222Z] GET https://www.naturalreaders.com/comfiles/commercial/new/built_2.webp → 200 (13ms, -872B)
[2026-08-14T14:57:30.222Z] GET https://www.naturalreaders.com/comfiles/commercial/new/built_3.webp → 200 (29ms, -872B)
[2026-08-14T14:57:30.222Z] GET https://www.naturalreaders.com/comfiles/commercial/new/built_4.webp → 200 (29ms, -869B)
[2026-08-14T14:57:30.222Z] GET https://www.naturalreaders.com/comfiles/commercial/new/comm.css → 200 (29ms, -849B)
[2026-08-14T14:57:30.222Z] GET https://code.jquery.com/jquery-4.0.0.min.js → 200 (224ms, -613B)
[2026-08-14T14:57:30.222Z] GET https://cdn.jsdelivr.net/npm/bootstrap@5.3.3/dist/js/bootstrap.bundle.min.js → 200 (224ms, -1064B)
[2026-08-14T14:57:30.222Z] GET https://www.naturalreaders.com/comfiles/commercial/js/lazysizes.min.js → 200 (239ms, 616B)
[2026-08-14T14:57:30.222Z] GET https://www.naturalreaders.com/comfiles/commercial/new/comm.js → 200 (224ms, -863B)
[2026-08-14T14:57:30.446Z] GET https://fonts.gstatic.com/s/poppins/v24/pxiByp8kv8JHgFVrLGT9Z1xlFd2JQEk.woff2 → 200 (?ms, -814B)
[2026-08-14T14:57:30.446Z] GET https://fonts.gstatic.com/s/poppins/v24/pxiEyp8kv8JHgFVrJJfecnFHGPc.woff2 → 200 (?ms, -814B)
[2026-08-14T14:57:30.482Z] GET https://fonts.gstatic.com/s/poppins/v24/pxiByp8kv8JHgFVrLCz7Z1xlFd2JQEk.woff2 → 200 (59ms, -814B)
[2026-08-14T14:57:30.542Z] GET https://widget.intercom.io/widget/vccymf6u → 200 (?ms, -733B)
[2026-08-14T14:57:39.818Z] GET https://www.naturalreaders.com/commercial.html → 200 (3ms, -866B)
[2026-08-14T14:57:39.832Z] GET https://www.naturalreaders.com/comm.html → 200 (?ms, ?B)
[2026-08-14T14:57:39.834Z] GET https://fonts.googleapis.com/css2?family=Poppins:wght@400;500;600;700&display=swap → 200 (3ms, -698B)
[2026-08-14T14:57:39.837Z] GET https://www.naturalreaders.com/comfiles/commercial/img/1.webp → 200 (?ms, -868B)
[2026-08-14T14:57:39.838Z] GET https://www.naturalreaders.com/comfiles/commercial/new/built_1.webp → 200 (?ms, -872B)
[2026-08-14T14:57:39.838Z] GET https://www.naturalreaders.com/comfiles/commercial/new/built_2.webp → 200 (?ms, -872B)
[2026-08-14T14:57:39.838Z] GET https://www.naturalreaders.com/comfiles/commercial/new/built_3.webp → 200 (1ms, -872B)
[2026-08-14T14:57:39.839Z] GET https://www.naturalreaders.com/comfiles/commercial/new/built_4.webp → 200 (?ms, -869B)
[2026-08-14T14:57:39.839Z] GET https://www.naturalreaders.com/comfiles/commercial/new/comm.css → 200 (1ms, -849B)
[2026-08-14T14:57:39.840Z] GET https://code.jquery.com/jquery-4.0.0.min.js → 200 (?ms, -613B)
[2026-08-14T14:57:39.840Z] GET https://cdn.jsdelivr.net/npm/bootstrap@5.3.3/dist/js/bootstrap.bundle.min.js → 200 (4ms, -1064B)
[2026-08-14T14:57:39.845Z] GET https://www.naturalreaders.com/comfiles/commercial/js/lazysizes.min.js → 200 (?ms, -926B)
[2026-08-14T14:57:39.845Z] GET https://www.naturalreaders.com/comfiles/commercial/new/comm.js → 200 (2ms, ?B)
[2026-08-14T14:57:39.961Z] GET https://fonts.gstatic.com/s/poppins/v24/pxiEyp8kv8JHgFVrJJfecnFHGPc.woff2 → 200 (?ms, ?B)
[2026-08-14T14:57:39.961Z] GET https://fonts.gstatic.com/s/poppins/v24/pxiByp8kv8JHgFVrLGT9Z1xlFd2JQEk.woff2 → 200 (?ms, ?B)
[2026-08-14T14:57:39.961Z] GET https://fonts.gstatic.com/s/poppins/v24/pxiByp8kv8JHgFVrLCz7Z1xlFd2JQEk.woff2 → pending (?ms, ?B)
[2026-08-14T14:57:39.998Z] GET https://widget.intercom.io/widget/vccymf6u → 200 (?ms, -733B)
